NO,시군구,단지명,전용면적(㎡),계약년월,계약일,거래금액(만원),동,층,도로명
1,서울특별시 용산구 문배동,이안용산1차(102동),79.63,202506,30,"112,000",-,4,백범로90길 74
2,서울특별시 용산구 도원동,삼성래미안,114.99,202506,30,"160,000",-,2,새창로 70
3,서울특별시 성동구 상왕십리동,텐즈힐(2단지),55.2,202506,30,"127,000",-,4,마장로 137
4,서울특별시 광진구 자양동,한화꿈에그린,138.85,202506,30,"189,000",-,2,뚝섬로24길 74
5,서울특별시 성동구 행당동,행당한진타운,114.62,202506,30,"180,000",-,18,행당로 82
6,서울특별시 광진구 구의동,래미안파크스위트,59.98,202506,30,"134,000",-,9,광나루로 545
7,서울특별시 성동구 금호동3가,두산,124.19,202506,30,"118,000",-,2,동호로 100
8,서울특별시 중구 신당동,약수역더시티,19.06,202506,30,"26,000",-,9,동호로7길 14
9,서울특별시 용산구 신창동,세방리버하이빌,84.54,202506,30,"115,000",-,10,효창원로15길 16
10,서울특별시 용산구 이촌동,래미안첼리투스,124.02,202506,30,"392,500",-,4,이촌로 310
11,서울특별시 용산구 산천동,리버힐삼성,84.98,202506,30,"138,000",-,4,효창원로 17
12,서울특별시 용산구 한강로1가,용산파크자이,99.85,202506,30,"202,000",-,24,한강대로 205
13,서울특별시 중랑구 묵동,이편한세상화랑대,84.956,202506,30,"101,200",-,2,숙선옹주로 45
14,서울특별시 성북구 정릉동,중앙하이츠빌1단지,59.98,202506,30,"64,000",-,17,아리랑로19길 60
15,서울특별시 강북구 미아동,에스케이북한산시티,59.98,202506,30,"62,000",-,5,솔샘로 174
16,서울특별시 성북구 길음동,길음동동부센트레빌(1278-0),59.998,202506,30,"82,500",-,5,숭인로2길 61
17,서울특별시 동대문구 장안동,한신아파트,84.9,202506,30,"65,500",-,9,사가정로 245-3
18,서울특별시 성북구 돈암동,돈암동더샵아파트,84.817,202506,30,"79,500",-,16,아리랑로5길 85
19,서울특별시 중랑구 면목동,사가정센트럴아이파크,59.78,202506,30,"107,500",-,10,동일로92길 40
20,서울특별시 중랑구 신내동,신내우디안1단지,84.79,202506,30,"71,700",-,6,신내역로1길 85
21,서울특별시 성북구 동소문동7가,한신플러스C,59.91,202506,30,"75,500",-,5,동소문로15길 99
22,서울특별시 성북구 안암동3가,대광,61.92,202506,30,"21,500",-,7,안암로9나길 14
23,서울특별시 동대문구 청량리동,홍릉동부,84.91,202506,30,"82,000",-,2,홍릉로10길 48
24,서울특별시 성북구 상월곡동,동아에코빌,59.95,202506,30,"65,550",-,18,장월로1길 28
25,서울특별시 성북구 종암동,종암에스케이,84.72,202506,30,"84,000",-,16,종암로24가길 53
26,서울특별시 성북구 장위동,래미안장위퍼스트하이,59.99,202506,30,"96,800",-,6,한천로 713
27,서울특별시 양천구 신정동,푸른마을3,59.85,202506,30,"61,000",-,12,신정로11길 63
28,서울특별시 서대문구 홍제동,청구1차,84.78,202506,30,"96,000",-,12,통일로 348
29,서울특별시 서대문구 남가좌동,쌍용스윗닷홈,84.98,202506,30,"89,900",-,18,거북골로 91-6
30,서울특별시 마포구 중동,마포중동현대,84.9,202506,30,"95,000",-,17,성암로 91
31,서울특별시 마포구 도화동,정우상가맨션,105.52,202506,30,"130,000",-,7,토정로37길 46
32,서울특별시 강동구 성내동,성내1차e-편한세상,120.46,202506,30,"125,500",-,9,천호대로168길 58
33,서울특별시 강동구 상일동,고덕롯데캐슬베네루체,84.923,202506,30,"149,000",-,3,상암로79길 88
34,서울특별시 송파구 거여동,e편한세상송파파크센트럴,84.97,202506,30,"170,000",-,4,오금로 551
35,서울특별시 강동구 강일동,강일리버파크8단지,84.53,202506,30,"110,000",-,11,아리수로94길 72
36,서울특별시 송파구 문정동,문정래미안,120.97,202506,30,"180,000",-,11,문정로 83
37,서울특별시 송파구 마천동,현대그린빌,59.67,202506,30,"60,000",-,4,마천로 315
38,서울특별시 송파구 장지동,위례2차아이파크,108.1387,202506,30,"190,000",-,17,위례광장로 230
39,서울특별시 강동구 명일동,삼환,84.92,202506,30,"91,000",-,13,고덕로62길 29
40,서울특별시 강동구 길동,삼익파크맨션,62.91,202506,30,"96,000",-,10,명일로 286
41,서울특별시 강동구 천호동,브라운스톤암사아파트,84.97,202506,30,"104,000",-,6,올림픽로92길 61
42,서울특별시 송파구 가락동,헬리오시티,84.97,202506,30,"271,000",-,4,송파대로 345
43,서울특별시 강서구 내발산동,마곡수명산파크5단지,59.76,202506,30,"94,000",-,4,수명로2길 105
44,서울특별시 양천구 목동,목동신시가지7,66.6,202506,30,"235,000",-,4,목동로 212
45,서울특별시 강서구 방화동,방화메이빌,44.8323,202506,30,"46,000",-,7,금낭화로 162
46,서울특별시 금천구 시흥동,남서울힐스테이트,84.786,202506,30,"94,800",-,17,시흥대로 165
47,서울특별시 강서구 화곡동,"대성3,4호(379-58,나동)",68.95,202506,30,"21,800",-,5,가로공원로77길 27
48,서울특별시 구로구 오류동,금강(343),60.054,202506,30,"64,000",-,1,오리로 1197
49,서울특별시 구로구 구로동,한일유앤아이,74.229,202506,30,"59,800",-,1,가마산로 87
50,서울특별시 구로구 온수동,온수힐스테이트,84.97,202506,30,"77,200",-,2,부일로9길 127
51,서울특별시 강서구 등촌동,"등촌1,2단지주공아파트",41.16,202506,30,"59,500",-,11,강서로68길 36
52,서울특별시 강서구 가양동,가양6단지,39.6,202506,30,"42,000",602,3,허준로 175
53,서울특별시 양천구 신월동,신안파크,56.78,202506,30,"37,000",-,4,지양로15길 20
54,서울특별시 도봉구 방학동,금광포란재아파트,59.611,202506,30,"52,500",-,4,도봉로150바길 26
55,서울특별시 노원구 상계동,미라보(성림),60,202506,30,"40,000",-,20,덕릉로127길 25
56,서울특별시 노원구 공릉동,신도1차아파트,81.2768,202506,30,"78,000",-,8,동일로191가길 59
57,서울특별시 노원구 중계동,롯데(505),84.97,202506,30,"81,000",-,8,섬밭로 265
58,서울특별시 은평구 응암동,힐스테이트녹번역,59.99,202506,30,"103,750",107,4,은평로 240
59,서울특별시 은평구 신사동,신사동한신휴플러스,59.76,202506,30,"64,000",-,8,갈현로1길 31
60,서울특별시 도봉구 도봉동,서원,49.77,202506,30,"34,000",-,3,마들로 684-19
61,서울특별시 도봉구 창동,북한산아이파크5차,84.4516,202506,30,"90,300",-,12,도봉로136길 28
62,서울특별시 은평구 수색동,e편한세상 수색 에코포레,59.895,202506,30,"65,000",-,5,은평터널로 65
63,서울특별시 강북구 번동,삼성,59.77,202506,30,"49,500",-,2,도봉로98길 33
64,서울특별시 은평구 증산동,DMC센트럴자이(3단지),84.88,202506,30,"162,500",-,24,수색로 200
65,서울특별시 노원구 월계동,주공2,38.64,202506,30,"29,500",-,9,초안산로1길 18
66,서울특별시 은평구 녹번동,래미안베라힐즈,59.98,202506,30,"104,000",-,9,통일로 630
67,서울특별시 은평구 구산동,대림e-편한세상2,84.618,202506,30,"61,900",-,7,서오릉로21길 48
68,서울특별시 영등포구 문래동3가,문래힐스테이트,119.47,202506,30,"148,800",-,1,문래로 82
69,서울특별시 관악구 봉천동,관악중앙하이츠포레,63.3633,202506,30,"64,800",-,4,장군봉13길 14
70,서울특별시 영등포구 신길동,신길센트럴자이아파트,59.98,202506,30,"147,000",-,8,신길로29길 17
71,서울특별시 영등포구 도림동,도림청구,37.81,202506,30,"37,500",-,12,도영로7길 7
72,서울특별시 동작구 대방동,성원,84.32,202506,30,"140,000",-,22,여의대방로44길 9
73,서울특별시 동작구 사당동,삼성,84.86,202506,30,"96,000",-,4,동작대로35아길 14
74,서울특별시 관악구 신림동,아데나,18,202506,30,"12,400",-,4,신사로 82
75,서울특별시 강남구 역삼동,역삼I'PARK,28.246,202506,30,"84,000",-,9,역삼로 307
76,서울특별시 강남구 개포동,개포주공7단지,53.46,202506,30,"295,000",-,1,개포로 516
77,서울특별시 강남구 세곡동,세곡푸르지오,59.89,202506,30,"140,000",-,13,자곡로 21
78,서울특별시 강남구 압구정동,"현대7차(73~77,82,85동)",157.36,202506,30,"880,000",-,11,압구정로 201
79,서울특별시 강남구 청담동,삼성청담공원아파트,107.22,202506,29,"263,000",-,3,도산대로96길 39
80,서울특별시 서초구 방배동,방배1차현대홈타운,59.94,202506,29,"185,000",-,4,서초대로1길 30
81,서울특별시 강동구 둔촌동,둔촌하이츠,59.79,202506,29,"83,000",-,12,명일로 113
82,서울특별시 강동구 고덕동,고덕그라시움,73.566,202506,29,"195,000",-,11,고덕로 333
83,서울특별시 성북구 하월곡동,꿈의숲푸르지오,59.65,202506,29,"79,000",-,5,오패산로16가길 40
84,서울특별시 성북구 석관동,석관래미안,59.9,202506,29,"76,000",-,2,화랑로 214
85,서울특별시 중랑구 상봉동,상봉듀오트리스,131.8,202506,29,"124,500",-,9,상봉로 131
86,서울특별시 종로구 창신동,창신쌍용2,64.66,202506,29,"62,500",-,3,낙산길 198
87,서울특별시 성동구 금호동1가,벽산,59.9,202506,29,"109,000",-,3,금호로 100
88,서울특별시 성동구 성수동2가,성수우방2차아파트,59.82,202506,29,"93,000",-,9,성수일로10길 3
89,서울특별시 성동구 성수동1가,트리마제,35.4442,202506,29,"202,000",-,9,왕십리로 16
90,서울특별시 종로구 교북동,경희궁자이(4단지),37.2635,202506,29,"89,000",-,8,송월길 155
91,서울특별시 광진구 중곡동,중곡2단지,55.87,202506,29,"48,000",-,3,긴고랑로1길 55
92,서울특별시 은평구 진관동,박석고개1단지힐스테이트(101~111동)BL2-12,59.85,202506,29,"87,000",-,7,진관1로 21-9
93,서울특별시 마포구 하중동,한강밤섬자이,168.15,202506,29,"332,500",-,13,토정로 158
94,서울특별시 서대문구 연희동,대림,84.74,202506,29,"71,000",-,2,연희로32길 20
95,서울특별시 서대문구 홍은동,"현대(1,2차)",84.77,202506,29,"78,000",-,6,연희로 377
96,서울특별시 동작구 상도동,힐스테이트 상도 센트럴파크,84.6099,202506,29,"149,000",-,1,상도로 346-1
97,서울특별시 영등포구 대림동,e편한세상영등포아델포레,59.968,202506,29,"107,500",-,13,신길로 29
98,서울특별시 강서구 마곡동,마곡엠밸리6단지,84.88,202506,29,"160,000",-,15,마곡서1로 100
99,서울특별시 금천구 독산동,e편한세상독산더타워,59.8637,202506,29,"72,000",-,8,범안로 1212
100,서울특별시 강서구 염창동,동아,59.97,202506,29,"70,500",-,1,양천로69길 58
101,서울특별시 구로구 개봉동,현대,84.99,202506,29,"85,500",-,5,개봉로20길 6
102,서울특별시 노원구 하계동,우성,127.22,202506,29,"124,000",-,6,섬밭로 232
103,서울특별시 종로구 무악동,현대,84.92,202506,28,"134,950",-,10,통일로 246-20
104,서울특별시 성동구 옥수동,현대,71.05,202506,28,"158,000",-,2,독서당로40길 25
105,서울특별시 성동구 하왕십리동,왕십리KCC스위첸,84.897,202506,28,"130,000",-,13,무학봉길 35
106,서울특별시 성동구 응봉동,대림강변타운,59.76,202506,28,"126,500",-,10,고산자로 160
107,서울특별시 성동구 금호동4가,서울숲2차푸르지오,84.776,202506,28,"180,000",-,1,금호로 17
108,서울특별시 광진구 광장동,청구,84.86,202506,28,"167,000",-,13,아차산로 503-23
109,서울특별시 종로구 사직동,광화문스페이스본(101동~105동),146.92,202506,28,"198,000",-,7,사직로8길 4
110,서울특별시 성동구 송정동,건영,59.21,202506,28,"78,800",-,19,동일로 263
111,서울특별시 송파구 오금동,쌍용스윗닷홈1단지,84.94,202506,28,"132,500",-,12,양재대로72길 42
112,서울특별시 강남구 수서동,신동아,39.51,202506,28,"118,000",-,15,광평로47길 17
113,서울특별시 서초구 서초동,서초2차e-편한세상,84.67,202506,28,"196,500",-,4,효령로49길 57
114,서울특별시 송파구 잠실동,잠실엘스,84.8,202506,28,"320,000",-,7,올림픽로 99
115,서울특별시 동대문구 휘경동,주공2,39.98,202506,28,"50,000",-,12,한천로 248
116,서울특별시 동대문구 이문동,대림e-편한세상,79.35,202506,28,"93,000",-,10,한천로63길 10
117,서울특별시 동대문구 전농동,620-47(롯데캐슬L-65),84.971,202506,28,"174,000",-,11,답십리로 27
118,서울특별시 동대문구 회기동,베라체캠퍼스,24.319,202506,28,"25,700",-,5,이문로 37
119,서울특별시 동대문구 답십리동,답십리대우,59.76,202506,28,"82,000",-,12,답십리로41길 33
120,서울특별시 중랑구 망우동,금호어울림(580),84.93,202506,28,"67,700",-,3,양원역로 18
121,서울특별시 구로구 항동,하버라인3단지,59.94,202506,28,"66,000",-,2,항동로 43
122,서울특별시 구로구 신도림동,우성3,84.75,202506,28,"102,000",-,7,신도림로21길 25
123,서울특별시 구로구 고척동,고척파크푸르지오,59.89,202506,28,"90,000",-,7,중앙로 121
124,서울특별시 서대문구 충정로3가,우리유앤미,84.73,202506,28,"107,000",-,14,경기대로 26-7
125,서울특별시 마포구 성산동,성산시영(선경),50.54,202506,28,"121,000",-,7,월드컵북로 235
126,서울특별시 마포구 상암동,상암월드컵파크5단지,104.69,202506,28,"145,000",-,19,상암산로1길 52
127,서울특별시 마포구 신공덕동,신공덕1차삼성래미안1아파트,84.9,202506,28,"145,000",-,3,백범로37길 12
128,서울특별시 마포구 망원동,대림2,84.73,202506,28,"116,500",-,3,망원로1길 27
129,서울특별시 마포구 신수동,신촌숲아이파크,111.024,202506,28,"265,000",-,23,광성로 17
130,서울특별시 영등포구 양평동5가,양평한신,59.94,202506,28,"94,200",-,3,양평로24길 9
131,서울특별시 영등포구 여의도동,순복음(초원),66.94,202506,28,"110,000",-,3,국회대로76가길 11
132,서울특별시 영등포구 문래동5가,문래현대5차,84.79,202506,28,"81,500",-,7,선유서로9길 5
133,서울특별시 영등포구 당산동,강변래미안,108.15,202506,27,"158,000",-,5,버드나루로 130
134,서울특별시 영등포구 양평동2가,삼성래미안,84.69,202506,27,"105,000",-,8,영등포로3길 9
135,서울특별시 영등포구 양평동1가,한신공영,59.98,202506,27,"83,200",-,10,영등포로12길 7
136,서울특별시 영등포구 당산동4가,당산삼성2차,84.93,202506,27,"129,000",-,21,당산로36길 12
137,서울특별시 영등포구 문래동6가,문래베어스타운,59.95,202506,27,"83,500",-,14,선유서로 40
138,서울특별시 동작구 동작동,이수힐스테이트,108.3358,202506,27,"218,500",-,3,동작대로39길 22
139,서울특별시 영등포구 양평동6가,한솔,59.28,202506,27,"74,500",-,11,양평로30길 51
140,서울특별시 영등포구 당산동5가,성원,84.96,202506,27,"110,000",-,2,양평로 57
141,서울특별시 영등포구 양평동4가,삼호한숲,59.9,202506,27,"90,000",-,10,선유로47길 34
142,서울특별시 영등포구 당산동3가,쌍용예가클래식,68.27,202506,27,"109,000",-,7,당산로31길 32
143,서울특별시 동작구 신대방동,신동아파밀리에,84.9636,202506,27,"105,200",-,5,여의대방로10길 100
144,서울특별시 영등포구 영등포동7가,아크로타워스퀘어,84.75,202506,27,"177,000",-,19,국회대로54길 10
145,서울특별시 영등포구 영등포동8가,삼환,59.91,202506,27,"104,000",-,8,영중로 145
146,서울특별시 강남구 도곡동,현대비젼21,33.1,202506,27,"39,700",-,14,언주로30길 10
147,서울특별시 강남구 자곡동,강남자곡 힐스테이트,74.8,202506,27,"115,000",-,3,자곡로3길 21
148,서울특별시 서초구 반포동,래미안원베일리,84.98,202506,27,"720,000",-,12,반포대로 333
149,서울특별시 강남구 일원동,우성7,84.06,202506,27,"300,000",-,5,개포로110길 15
150,서울특별시 서초구 잠원동,신반포16,83.12,202506,27,"383,000",-,2,잠원로 157
151,서울특별시 강남구 삼성동,삼성동힐스테이트 1단지,84.349,202506,27,"335,000",-,8,학동로68길 29
152,서울특별시 서초구 신원동,서초포레스타6단지,59.98,202506,27,"150,000",606,7,청계산로9길 1-12
153,서울특별시 강남구 대치동,포스코더샵,139.54,202506,27,"368,000",-,5,삼성로 417
154,서울특별시 관악구 남현동,삼성홈타운,84.57,202506,27,"70,000",-,3,승방3나길 2
155,서울특별시 서초구 우면동,서초호반써밋,101.0482,202506,27,"179,500",-,3,양재대로2길 109
156,서울특별시 성동구 금호동2가,래미안하이리버,59.99,202506,27,"164,000",-,19,금호로 107
157,서울특별시 종로구 평동,경희궁자이(3단지),84.8359,202506,27,"245,000",-,13,경교장길 35
158,서울특별시 용산구 서빙고동,신동아,95.66,202506,27,"326,000",-,1,이촌로 347
159,서울특별시 용산구 효창동,용산롯데캐슬센터포레,84.9204,202506,27,"230,000",-,21,백범로 313
160,서울특별시 광진구 화양동,테라팰리스건대1차,39.87,202506,27,"55,000",-,7,아차산로25길 60
161,서울특별시 성동구 마장동,신성미소지움,59.96,202506,27,"88,500",-,3,마장로39길 43
162,서울특별시 동대문구 용두동,용두두산위브,59.99,202506,27,"100,250",-,10,정릉천동로 16
163,서울특별시 도봉구 쌍문동,금호1,36.36,202506,27,"24,700",-,1,해등로26길 20
164,서울특별시 은평구 대조동,주주베에이,13.56,202506,27,"10,000",-,5,통일로67길 9
165,서울특별시 은평구 불광동,북한산힐스테이트7차,59.981,202506,27,"95,000",-,17,통일로 796
166,서울특별시 강동구 암사동,롯데캐슬퍼스트,112.11,202506,27,"175,000",-,6,고덕로 131
167,서울특별시 송파구 송파동,금강KCC,84.33,202506,27,"122,500",-,6,송이로 27-1
168,서울특별시 송파구 방이동,올림픽선수기자촌3단지,83.06,202506,27,"265,000",-,19,양재대로 1218
169,서울특별시 송파구 풍납동,현대1,83.02,202506,27,"145,000",-,12,올림픽로 525
170,서울특별시 송파구 신천동,파크리오,84.79,202506,27,"274,000",-,15,올림픽로 435
171,서울특별시 서대문구 영천동,독립문삼호,114.63,202506,27,"124,000",-,10,독립문로 10
172,서울특별시 마포구 상수동,래미안밤섬리베뉴Ⅱ,84.92,202506,27,"205,000",-,10,독막로20나길 21
173,서울특별시 마포구 창전동,마포웨스트리버태영데시앙,84.785,202506,27,"170,000",-,7,서강로3길 32
174,서울특별시 서대문구 북가좌동,DMC한양,65.34,202506,27,"50,000",-,12,응암로 28
175,서울특별시 마포구 현석동,래미안웰스트림,59.96,202506,27,"190,000",-,20,토정로18길 11
176,서울특별시 서대문구 북아현동,힐스테이트신촌,84.9557,202506,27,"180,000",-,20,이화여대8길 123
177,서울특별시 마포구 아현동,마포래미안푸르지오2단지,114.588,202506,27,"284,000",-,6,마포대로 195
178,서울특별시 마포구 용강동,마포용강삼성래미안,84.2,202506,27,"200,000",-,10,큰우물로 28
179,서울특별시 마포구 공덕동,마포현대,59.95,202506,27,"112,000",-,2,마포대로11길 84
180,서울특별시 마포구 염리동,염리삼성래미안,59.76,202506,27,"136,500",-,14,백범로25길 63
181,서울특별시 마포구 노고산동,현대벤처빌,34.64,202506,27,"27,500",-,3,백범로 10
182,서울특별시 성북구 삼선동2가,삼선현대힐스테이트,114.86,202506,27,"86,700",-,1,낙산길 243-15
183,서울특별시 강서구 공항동,공항동부센트레빌,118.21,202506,27,"91,000",-,2,남부순환로 11
184,서울특별시 영등포구 영등포동,영등포푸르지오,73.133,202506,26,"119,800",-,19,도신로29길 28
185,서울특별시 은평구 갈현동,효민아크로뷰,36.95,202506,26,"49,800",-,10,통일로 871
186,서울특별시 영등포구 당산동2가,당산대우,31.73,202506,26,"39,500",-,21,영등포로 106
187,서울특별시 동작구 노량진동,우성,84.96,202506,26,"128,500",-,11,만양로8길 50
188,서울특별시 영등포구 양평동3가,양평현대6차,84.92,202506,26,"118,000",-,23,선유로 207
189,서울특별시 종로구 당주동,세종,91.46,202506,26,"88,000",-,10,세종대로23길 54
190,서울특별시 용산구 원효로4가,산호,40.46,202506,26,"140,000",-,2,원효로 66
191,서울특별시 용산구 신계동,용산e편한세상,84.21,202506,26,"213,000",-,7,원효로 216
192,서울특별시 종로구 연건동,이화에수풀,19.86,202506,26,"24,000",-,13,대학로 47
193,서울특별시 중구 황학동,한양I-Class,16.37,202506,26,"13,300",-,17,난계로 173
194,서울특별시 종로구 숭인동,롯데캐슬천지인,84.95,202506,26,"112,000",-,15,종로 347
195,서울특별시 종로구 평창동,밀레니엄,102.96,202506,26,"62,500",-,4,평창12길 14-4
196,서울특별시 중랑구 중화동,범양프레체,17.94,202506,26,"11,500",-,15,중랑천로14길 58
197,서울특별시 성북구 안암동1가,안암동삼성래미안,59.6983,202506,26,"77,000",-,10,고려대로17가길 64
198,서울특별시 서대문구 현저동,독립문극동(200-0),84.87,202506,26,"115,000",-,7,독립문공원길 17
199,서울특별시 서대문구 천연동,반석블레스포레,84.97,202506,25,"102,000",-,6,독립문로8길 27
200,서울특별시 마포구 대흥동,대흥동태영아파트,114.93,202506,25,"210,000",-,25,독막로 266
201,서울특별시 강남구 신사동,로데오현대,55.08,202506,25,"122,000",-,11,압구정로50길 28
202,서울특별시 중구 충무로4가,진양상가,107.9,202506,25,"89,900",-,8,퇴계로 217
203,서울특별시 중구 만리동2가,서울역센트럴자이,84.972,202506,25,"199,000",-,12,만리재로 175
204,서울특별시 성북구 보문동6가,보문파크뷰자이,72.97,202506,25,"107,000",-,7,보문사길 111
205,서울특별시 영등포구 당산동1가,신동아파밀리에,59.4,202506,24,"91,000",-,10,영신로33길 3
206,서울특별시 동작구 본동,삼성래미안,84.2261,202506,24,"130,000",-,15,매봉로 123
207,서울특별시 마포구 마포동,마포쌍용황금아파트,59.9,202506,24,"112,000",-,7,마포대로4라길 30
208,서울특별시 중구 정동,삼정아트테라스정동,18.6574,202506,24,"36,900",-,6,서소문로 89-20
209,서울특별시 동대문구 제기동,안암골벽산,116.69,202506,24,"94,000",-,8,약령시로 25
210,서울특별시 강남구 논현동,신동아(22),84.52,202506,24,"198,000",-,13,강남대로146길 28
211,서울특별시 서대문구 대현동,신촌럭키,83.38,202506,23,"100,000",-,1,이화여대길 50-12
212,서울특별시 성북구 삼선동4가,코오롱,59.94,202506,23,"71,500",-,17,삼선교로23길 23
213,서울특별시 동작구 흑석동,한강현대,114.44,202506,23,"250,000",-,3,현충로 151
214,서울특별시 은평구 역촌동,청운퀸즈,76.705,202506,23,"49,500",-,3,연서로 27
215,서울특별시 강북구 우이동,대우,84.93,202506,23,"62,000",-,1,삼양로149길 45
216,서울특별시 용산구 한남동,현대하이페리온,203.76,202506,23,"510,000",-,8,서빙고로 413
217,서울특별시 중구 만리동1가,LIG서울역리가,84.9866,202506,22,"144,000",-,9,만리재로33길 21
218,서울특별시 성북구 보문동3가,이편한세상보문,84.904,202506,22,"99,000",-,9,낙산길 255
219,서울특별시 성북구 동소문동4가,송산아파트,58.59,202506,22,"57,800",-,10,동소문로3길 101
220,서울특별시 서대문구 냉천동,동부센트레빌,59.86,202506,22,"78,500",-,4,독립문로14길 74
221,서울특별시 서초구 내곡동,서초더샵포레,84.81,202506,21,"145,500",-,4,헌릉로8길 58
222,서울특별시 용산구 이태원동,남산대림,59.92,202506,21,"149,000",-,1,녹사평대로 254
223,서울특별시 마포구 신정동,서강GS,114.87,202506,21,"180,000",-,13,창전로 26
224,서울특별시 마포구 합정동,두영이지안101동,84.87,202506,21,"109,500",-,5,토정로 67
225,서울특별시 금천구 가산동,덕산,59.97,202506,21,"42,000",-,7,시흥대로151길 45
226,서울특별시 중구 중림동,브라운스톤서울,117.742,202506,20,"159,500",-,21,청파로 464
227,서울특별시 성북구 보문동1가,보문리슈빌하우트,59.7918,202506,20,"110,000",-,11,보문로26길 17
228,서울특별시 영등포구 문래동2가,남성,58.52,202506,20,"75,000",-,14,경인로77길 21
229,서울특별시 용산구 한강로3가,센트럴파크,114.8905,202506,19,"385,000",-,25,서빙고로 17
230,서울특별시 마포구 서교동,메세나폴리스,122.867,202506,19,"259,000",-,21,양화로 45
231,서울특별시 구로구 천왕동,천왕이펜하우스1단지,59.94,202506,18,"74,900",-,11,천왕로 91
232,서울특별시 성동구 도선동,삼성쉐르빌,84.93,202506,18,"109,000",-,16,무학로6길 50
233,서울특별시 성동구 홍익동,청계대주파크빌,84.98,202506,18,"92,000",-,9,무학로12길 11
234,서울특별시 중구 남창동,경서,37.69,202506,18,"31,000",-,6,퇴계로2길 15-6
235,서울특별시 동대문구 신설동,포레스트힐시티,15.88,202506,18,"15,900",-,18,청계천로 443
236,서울특별시 송파구 석촌동,현대(201),48,202506,18,"41,000",-,7,가락로3길 3-11
237,서울특별시 마포구 토정동,한강삼성,84.96,202506,17,"164,000",-,7,토정로32길 11
238,서울특별시 강북구 수유동,한원힐트리움수유,27.39,202506,17,"24,800",-,8,노해로 104
239,서울특별시 종로구 익선동,현대뜨레비앙,48.54,202506,17,"49,800",-,6,돈화문로11가길 59
240,서울특별시 광진구 군자동,일성파크,84.96,202506,17,"87,200",-,1,군자로12길 46
241,서울특별시 성북구 보문동4가,보문하우스토리,117.169,202506,17,"105,000",-,9,고려대로2길 37
242,서울특별시 서초구 양재동,우성KBS(113동),84.69,202506,16,"152,000",-,9,바우뫼로 91
243,서울특별시 성동구 용답동,중앙하이츠,59.74,202506,15,"82,000",-,10,용답중앙27길 10
244,서울특별시 종로구 홍파동,경희궁자이(2단지),101.9914,202506,14,"283,000",-,16,송월길 99
245,서울특별시 종로구 신영동,구암하이빌,84.94,202506,14,"47,000",-,3,세검정로6다길 11-1
246,서울특별시 중구 입정동,힐스테이트세운센트럴1단지,49.9668,202506,14,"113,000",-,23,을지로15길 31
247,서울특별시 성북구 삼선동3가,삼선에스케이뷰,84.95,202506,14,"128,000",-,11,삼선교로16길 35
248,서울특별시 동작구 상도1동,장원빌리지,60.48,202506,13,"43,000",-,3,상도로47길 116-4
249,서울특별시 종로구 부암동,별빛고운,100.69,202506,12,"69,000",-,3,창의문로10길 29
250,서울특별시 마포구 연남동,휴먼,80.91,202506,11,"61,000",-,6,연남로9길 20
251,서울특별시 중구 인현동2가,인현상가/신성아파트,52.1,202506,9,"44,900",-,6,마른내로 72
252,서울특별시 중구 묵정동,묵정,52.46,202506,8,"53,000",-,5,서애로1길 34
253,서울특별시 성동구 사근동,중앙하이츠,71.85,202506,7,"72,600",101,14,사근동길 65
254,서울특별시 용산구 용산동5가,용산파크타워(24-0),131.53,202506,4,"330,000",-,19,서빙고로 67
255,서울특별시 영등포구 영등포동1가,여의도더리브스타일,30.2696,202506,4,"49,900",-,20,경인로 900
256,서울특별시 용산구 후암동,명남아띠팰리스,76.27,202506,2,"110,000",-,3,후암로16나길 20
257,서울특별시 서대문구 창천동,하이펠리스,99,202505,31,"75,000",-,3,연희로2안길 7-22
258,서울특별시 용산구 원효로3가,용산소미글로벌리버파크,18.69,202505,31,"45,000",-,16,원효로 111
259,서울특별시 중구 흥인동,동대문와이즈캐슬,15.55,202505,31,"15,000",-,10,퇴계로75길 7
260,서울특별시 송파구 삼전동,한양,79.05,202505,31,"66,000",-,4,삼전로4길 4-28
261,서울특별시 영등포구 영등포동2가,여의도리미티오148,38.441,202505,30,"60,000",-,4,버드나루로 5
262,서울특별시 중구 순화동,순화동더샵,84.99,202505,30,"123,000",-,16,칠패로 27
263,서울특별시 종로구 내수동,경희궁의아침3단지,174.55,202505,30,"220,000",-,15,사직로8길 34
264,서울특별시 중구 충무로5가,충무로엘크루메크로시티2차,35.57,202505,30,"33,500",-,7,퇴계로49길 14
265,서울특별시 영등포구 영등포동5가,현대프라자,59.96,202505,28,"57,800",-,13,양산로 214
266,서울특별시 용산구 한강로2가,용산파크e-편한세상,84.67,202505,27,"155,000",-,2,한강대로53길 16
267,서울특별시 영등포구 문래동4가,문래동삼환,59.85,202505,26,"80,000",-,14,도림로143길 32
268,서울특별시 서대문구 합동,에스케이뷰,84.909,202505,25,"133,000",-,12,서소문로 43-8
269,서울특별시 성북구 보문동2가,광남캐스빌,52.42,202505,21,"30,000",-,6,보문로27길 12
270,서울특별시 성북구 동소문동5가,돈암동일하이빌,84.958,202505,16,"92,000",-,22,보문로38길 11
271,서울특별시 종로구 명륜2가,아남1,84.8,202505,14,"105,000",제101,1,창경궁로 265
272,서울특별시 용산구 원효로1가,용산더프라임,55.989,202505,12,"113,500",주거,3,원효로90길 11
273,서울특별시 종로구 수송동,로얄팰리스스위트,40.07,202505,10,"38,000",-,10,율곡로2길 7
274,서울특별시 성북구 동소문동6가,청기와,71.61,202505,9,"49,000",-,6,동소문로13나길 15-11
275,서울특별시 중구 회현동1가,SK리더스뷰남산,205.62,202505,7,"290,000",-,20,퇴계로 72
276,서울특별시 중구 회현동2가,쌍용남산플래티넘,177,202505,7,"295,000",-,26,소공로 46
277,서울특별시 성북구 삼선동5가,청기와,75,202504,20,"50,000",-,5,삼선교로22길 20
278,서울특별시 종로구 구기동,마운틴뷰,73.39,202504,8,"54,500",-,2,비봉길 7
279,서울특별시 중구 장충동1가,장충동라임카운티,244.47,202504,2,"271,000",-,3,동호로20가길 38
280,서울특별시 종로구 행촌동,대성아파트,19.27,202503,26,"18,000",나동,1,사직로 21
281,서울특별시 종로구 필운동,두레엘리시안,59.85,202503,25,"89,000",-,7,필운대로2길 2
282,서울특별시 용산구 보광동,리버빌(삼성),84.74,202503,23,"178,000",101,3,보광로5길 40
283,서울특별시 용산구 동자동,센트레빌아스테리움서울,131.05,202503,22,"170,000",씨,19,한강대로 372
284,서울특별시 종로구 연지동,아르젠종로,18.02,202503,17,"17,000",-,12,종로31길 54
285,서울특별시 종로구 인의동,효성쥬얼리시티,92.81,202503,15,"98,000",-,10,종로 183
286,서울특별시 성북구 성북동1가,휴아름스튜디오,13.57,202503,10,"17,300",1,10,창경궁로 323
287,서울특별시 영등포구 영등포동3가,포레스트힐시티,13.53,202503,3,"9,500",포레스트힐시티,11,영중로6길 12
288,서울특별시 용산구 용문동,브라운스톤,84.99,202503,3,"140,000",103,2,효창원로 88
289,서울특별시 종로구 신문로2가,디팰리스,118.749,202502,25,"300,000",-,17,새문안로2길 10
290,서울특별시 영등포구 당산동6가,유탑유블레스,13.3867,202502,18,"15,800",1,5,당산로49길 11-4
291,서울특별시 중구 을지로5가,삼성파크빌,84.92,202502,18,"78,500",삼성파크빌,13,을지로 221
292,서울특별시 용산구 청암동,GS자이,201.23,202502,17,"248,000",103,10,삼개로 60
293,서울특별시 성북구 동선동1가,코아루센타시아,84.15,202502,15,"70,000",-,6,동소문로20나길 47
294,서울특별시 중구 오장동,이지마루오장,22.46,202502,13,"30,000",이지마루 오장,14,마른내로 126-1
295,서울특별시 종로구 효제동,이지마루종로,20.87,202502,11,"30,000",102동,11,김상옥로 55
296,서울특별시 성북구 안암동4가,안암,52.1,202501,16,"19,950",-,3,안암로9가길 9-16
297,서울특별시 구로구 궁동,다청림101동(143-1),84.21,202501,15,"47,500",101,5,오리로22나길 16-9
298,서울특별시 용산구 용산동2가,용암한신,72.66,202501,6,"79,000",-,6,신흥로2길 58
299,서울특별시 종로구 통인동,효자,61.49,202412,23,"22,000",-,5,자하문로 55
300,서울특별시 용산구 동빙고동,현대플래티앙Ⅰ,130.3,202412,20,"180,000",-,1,장문로 47
301,서울특별시 성북구 동선동4가,한양수자인,68.03,202411,27,"60,500",-,12,동소문로27길 37
302,서울특별시 성북구 동선동5가,트라움하임,60.78,202410,30,"39,000",-,6,아리랑로4길 37
303,서울특별시 종로구 신문로1가,신문로맨션,81.28,202410,26,"79,500",-,10,새문안로3길 12
304,서울특별시 성북구 성북동,성북,44.79,202410,23,"25,000",-,5,성북로31길 40-12
305,서울특별시 종로구 혜화동,혜화훼미리,61.38,202410,21,"61,000",-,7,혜화로8길 25
306,서울특별시 강남구 율현동,강남한신휴플러스6단지,59.98,202410,16,"115,000",610동,5,밤고개로26길 50
307,서울특별시 구로구 가리봉동,효성,59.94,202410,5,"50,000",-,11,남부순환로 1299
308,서울특별시 성북구 보문동7가,DH팰리스타워,59.98,202409,10,"66,000",-,10,보문로 29
309,서울특별시 서대문구 충정로2가,현대,83.63,202408,24,"70,000",-,3,충정로7길 30
310,서울특별시 종로구 충신동,힐스테이트창경궁,76.83,202408,20,"96,000",101동,6,율곡로 236
311,서울특별시 종로구 명륜1가,방산아파트,57.1,202408,17,"16,000",-,1,성균관로17길 33
312,서울특별시 용산구 주성동,PRIMAVERAVILL,155.8,202408,11,"365,000",-,2,서빙고로91가길 29-7
313,서울특별시 용산구 청파동3가,베르체,105.03,202408,9,"90,000",-,1,효창원로72길 29
314,경기도 수원시 영통구 매탄동,매탄위브하늘채,84.7273,202506,30,"72,800",-,8,효원로 363
315,경기도 수원시 팔달구 매교동,매교역푸르지오SKVIEW,74.69,202506,30,"84,500",-,12,인계로 20
316,경기도 수원시 장안구 정자동,수원 SK SKY VIEW,84.893,202506,30,"83,000",-,9,이목로 24
317,경기도 수원시 권선구 호매실동,호매실GS아파트,59.94,202506,30,"31,000",-,13,매실로 70
318,경기도 수원시 팔달구 매산로3가,우리하이빌,84.291,202506,30,"28,500",-,5,매산로 77-14
319,경기도 수원시 권선구 세류동,수원역해모로아파트(수원센트럴타운1단지),59.98,202506,30,"52,500",-,6,세류로 60
320,경기도 수원시 권선구 권선동,현대3,84.9364,202506,30,"48,500",-,14,세권로316번길 49
321,경기도 수원시 권선구 금곡동,호반베르디움더센트럴,84.9843,202506,30,"74,500",-,11,매곡로 43
322,경기도 수원시 팔달구 화서동,꽃뫼마을코오롱,84.729,202506,30,"64,800",-,14,일월로18번길 4-26
323,경기도 수원시 권선구 탑동,삼성,84.87,202506,30,"35,000",-,3,탑동로58번길 8
324,경기도 수원시 권선구 구운동,서수원엠코타운르본느,59.884,202506,30,"33,500",-,10,구운로47번길 59
325,경기도 수원시 장안구 천천동,화서역푸르지오더에듀포레,113.04,202506,30,"83,500",-,15,화산로 85
326,경기도 수원시 팔달구 인계동,삼성,59.88,202506,30,"34,500",-,11,권광로276번길 9
327,경기도 수원시 권선구 당수동,인정프린스,84.99,202506,30,"27,500",-,9,당진로15번길 53
328,경기도 수원시 영통구 영통동,신나무실신명,84.9,202506,30,"62,000",-,5,봉영로1517번길 76
329,경기도 수원시 영통구 망포동,e편한세상영통2차(2단지),74.5822,202506,30,"60,500",-,8,봉영로 1432-36
330,경기도 수원시 영통구 이의동,광교역참누리포레스트,59.5653,202506,30,"69,500",-,3,대학3로 55
331,경기도 성남시 분당구 정자동,파크뷰,84.99,202506,30,"238,000",-,24,정자일로 248
332,경기도 부천시 원미구 중동,미리내마을(롯데1),33.54,202506,30,"24,000",-,12,소향로 206
333,경기도 안양시 만안구 석수동,현대아이파크,84.986,202506,30,"62,800",-,7,충훈로 51
334,경기도 안양시 동안구 평촌동,초원LG,59.79,202506,30,"69,800",-,14,부림로 52
335,경기도 안양시 동안구 관양동,미래센트럴타워,59.6,202506,30,"62,700",-,19,흥안대로 498
336,경기도 안양시 동안구 호계동,평촌더샵아이파크,59.94,202506,30,"90,000",-,18,경수대로610번길 36
337,경기도 부천시 원미구 원미동,두리하이츠,79.11,202506,30,"21,150",-,6,조마루로412번길 19
338,경기도 안양시 만안구 안양동,주공뜨란채(아),59.92,202506,30,"66,600",-,12,안양천서로 289
339,경기도 안양시 동안구 비산동,은하수마을한양,35.1,202506,30,"38,000",-,13,동안로159번길 14
340,경기도 구리시 수택동,엘지원앙,70.2,202506,30,"70,000",-,13,체육관로 54
341,경기도 남양주시 다산동,더힐포레4단지,75.83,202506,30,"54,000",-,11,가운로2길 11
342,경기도 남양주시 화도읍 마석우리,신명스카이뷰그린,84.9932,202506,30,"39,500",-,15,비룡로 56-8
343,경기도 남양주시 화도읍 창현리,신명,59.95,202506,30,"24,400",-,15,창현로 60
344,경기도 남양주시 진접읍 장현리,장현주공,84.9,202506,30,"34,800",-,15,봉현로 5
345,경기도 남양주시 평내동,평내마젤란21,59.9868,202506,30,"29,650",-,6,평내로 89
346,경기도 남양주시 화도읍 묵현리,남양주두산위브트레지움,74.8613,202506,30,"36,000",-,33,비룡로 186
347,경기도 남양주시 호평동,호평마을중흥에스-클래스,84.7681,202506,30,"44,500",-,12,늘을3로 65-26
348,경기도 구리시 교문동,교문(대우),61.221,202506,30,"61,000",-,8,장자대로37번길 20
349,경기도 남양주시 오남읍 오남리,보영,47.49,202506,30,"7,000",-,5,진건오남로759번길 5
350,경기도 구리시 인창동,주공2,84.99,202506,30,"69,500",-,7,건원대로76번길 39
351,경기도 오산시 원동,대원레스피아,59.553,202506,30,"17,300",-,2,부원로 67-6
352,경기도 남양주시 진건읍 용정리,남양주진건주공2단지,49.95,202506,30,"16,500",201,6,사릉로372번길 25
353,경기도 남양주시 진건읍 사능리,미창,44.13,202506,30,"9,000",-,1,진건오남로42번길 19-10
354,경기도 남양주시 금곡동,신성푸른솔,59.964,202506,30,"22,800",-,4,홍유릉로248번길 42
355,경기도 남양주시 진접읍 금곡리,남양휴튼,84.9767,202506,30,"47,700",-,18,해밀예당1로 49
356,경기도 남양주시 퇴계원읍 퇴계원리,강남아파트,84.87,202506,30,"43,000",-,12,도제원로 19
357,경기도 군포시 당동,주공4(885),59.99,202506,30,"43,000",-,17,용호2로 36
358,경기도 오산시 수청동,더샵오산센트럴,77.9084,202506,30,"61,000",-,10,내삼미로 65
359,경기도 시흥시 월곶동,풍림아이원1차,59.965,202506,30,"25,800",-,9,월곶중앙로70번길 11
360,경기도 시흥시 정왕동,시화MTV호반써밋더퍼스트오션,59.9351,202506,30,"32,000",-,8,거북섬남로 45
361,경기도 시흥시 능곡동,제일풍경채센텀,84.926,202506,30,"68,500",-,2,장현능곡로 144
362,경기도 군포시 당정동,대우푸르지오,84.992,202506,30,"51,000",-,21,당정역로 9
363,경기도 오산시 외삼미동,서동탄역더샵파크시티,84.7084,202506,30,"57,000",-,3,문시로 183-19
364,경기도 군포시 산본동,설악2,36.96,202506,30,"21,500",-,7,수리산로 102
365,경기도 시흥시 장현동,제일풍경채에듀,84.926,202506,30,"54,000",-,25,장현순환로 111
366,경기도 오산시 갈곶동,힐스테이트오산더퍼스트,59.9944,202506,30,"37,500",-,15,경기대로 24-27
367,경기도 오산시 세교동,세마역 트루엘 더퍼스트,74.79,202506,30,"39,800",-,11,수목원로 615
368,경기도 시흥시 배곧동,한라비발디캠퍼스,84.9264,202506,30,"53,000",-,19,배곧1로 27-15
369,경기도 시흥시 대야동,시흥센트럴푸르지오,84.941,202506,30,"75,800",-,21,수인로3312번길 16
370,경기도 부천시 소사구 소사본동,부천소사역푸르지오,84.9779,202506,30,"75,000",-,16,소삼로 47
371,경기도 광명시 하안동,주공5,59.39,202506,30,"45,700",-,11,가림로 38
372,경기도 평택시 칠원동,평택지제역동문굿모닝힐맘시티3단지,59.9701,202506,30,"26,500",-,1,신촌5로 20
373,경기도 광명시 일직동,유-플래닛태영데시앙,84.87,202506,30,"124,500",-,37,양지로 7
374,경기도 부천시 오정구 원종동,세창짜임,67.41,202506,30,"42,200",-,5,소사로 855
375,경기도 부천시 오정구 여월동,여월휴먼시아3단지,84.95,202506,30,"73,000",-,4,길주로573번길 37
376,경기도 평택시 비전동,태산,59.91,202506,30,"17,300",-,6,매봉산1길 11
377,경기도 부천시 소사구 괴안동,이편한세상온수역,59.9785,202506,30,"76,000",-,9,경인로 605
378,경기도 광명시 소하동,광명소하휴먼시아2단지,119.85,202506,30,"97,500",-,13,소하로 38
379,경기도 평택시 이충동,주공4,46.65,202506,30,"18,000",-,2,정암로60번길 77
380,경기도 광명시 철산동,도덕파크타운2단지,49.98,202506,30,"57,500",-,13,가림일로 101
381,경기도 부천시 소사구 송내동,중동역푸르지오2차,84.96,202506,30,"61,600",-,17,경인로117번길 27
382,경기도 평택시 동삭동,평택센트럴자이1단지,84.5403,202506,30,"42,000",-,3,상서재로5길 15
383,경기도 평택시 서정동,대양아리스타,16.645,202506,30,"5,700",-,7,서정역로55번길 8-4
384,경기도 부천시 원미구 상동,"한아름마을(삼환,동아,동성)",84.87,202506,30,"53,000",-,5,부흥로 100
385,경기도 평택시 지산동,대준블루온,49.83,202506,30,"16,000",-,5,지산1로 56-2
386,경기도 군포시 금정동,충무주공2단지2차(873-2),51.59,202506,30,"37,000",-,17,산본로 299
387,경기도 군포시 도마교동,금강펜테리움센트럴파크3차,84.9789,202506,30,"64,500",-,14,송부로96번길 13
388,경기도 하남시 망월동,미사강변 골든 센트로,59.96,202506,30,"92,500",-,17,미사강변동로 50
389,경기도 하남시 선동,미사강변 센트리버,74.91,202506,30,"96,000",-,3,미사강변대로 270
390,경기도 하남시 덕풍동,하남더샵센트럴뷰,84.306,202506,30,"96,000",-,9,하남대로 856
391,경기도 용인시 처인구 역북동,역북신원아침도시,74.02,202506,30,"48,800",-,10,낙은로 11
392,경기도 하남시 창우동,꿈동산신안,84.965,202506,30,"70,500",-,12,대청로116번길 59
393,경기도 용인시 기흥구 신갈동,기흥파크뷰,84.98,202506,30,"58,500",-,17,기흥로116번길 60
394,경기도 용인시 처인구 고림동,인정빌리지1,59.93,202506,30,"17,200",-,7,한터로152번길 45
395,경기도 용인시 처인구 마평동,라이프,84.99,202506,30,"28,500",-,5,동부로 7
396,경기도 하남시 학암동,위례신도시신안인스빌아스트로,96.994,202506,30,"165,000",-,13,위례광장로 285
397,경기도 용인시 처인구 포곡읍 둔전리,신원1차,59.99,202506,30,"26,500",-,20,포곡로 90
398,경기도 용인시 기흥구 상하동,풍림,59.81,202506,30,"30,000",-,13,어정로 80
399,경기도 용인시 기흥구 중동,동백역월드메르디앙아파트,84.995,202506,30,"40,000",-,3,동백죽전대로 283
400,경기도 용인시 기흥구 마북동,교동마을정광아파트,59.94,202506,30,"33,500",-,3,마북로154번길 16
401,경기도 용인시 기흥구 보정동,신촌마을포스홈타운1단지,133.7209,202506,30,"100,000",-,6,용구대로2518번길 15
402,경기도 용인시 기흥구 보라동,신창미션힐,118.0474,202506,30,"40,000",212,1,사은로126번길 33
403,경기도 용인시 기흥구 구갈동,힐스테이트기흥,84.9545,202506,30,"94,800",-,39,기흥역로 63
404,경기도 용인시 기흥구 동백동,용인동백두산위브더제니스,84.8682,202506,30,"69,500",-,13,동백죽전대로 507
405,경기도 용인시 기흥구 서천동,힐스테이트서천,84.9986,202506,30,"73,500",-,12,서천동로 22
406,경기도 용인시 수지구 풍덕천동,동문,128.07,202506,30,"79,500",-,2,수풍로 47
407,경기도 용인시 기흥구 언남동,하마비마을동일하이빌1,143.984,202506,30,"57,000",-,4,구성로 105-15
408,경기도 용인시 기흥구 공세동,호수청구,84.97,202506,30,"28,700",-,7,공세로 226
409,경기도 의정부시 의정부동,남해오네뜨,15.7546,202506,30,"6,000",-,18,시민로 27
410,경기도 의정부시 민락동,민락엘레트,51.91,202506,30,"27,900",-,16,송양로 94
411,경기도 의정부시 용현동,송산주공1단지,49.86,202506,30,"17,200",-,13,부용로 233
412,경기도 의정부시 신곡동,신곡서해,59.94,202506,30,"20,900",-,15,동일로466번길 3
413,경기도 성남시 분당구 금곡동,코오롱더프라우,172.094,202506,30,"151,000",-,26,정자일로 27
414,경기도 성남시 분당구 야탑동,매화마을(주공4),41.85,202506,30,"50,000",-,10,장미로 193
415,경기도 의정부시 호원동,한주1,59.93,202506,30,"24,000",-,7,평화로290번길 11
416,경기도 의정부시 낙양동,의정부민락푸르지오,84.937,202506,30,"44,000",-,15,송양로 46
417,경기도 의정부시 장암동,장암주공2,51.66,202506,30,"21,500",-,12,동일로 397
418,경기도 성남시 분당구 판교동,판교원마을3단지(푸르지오),84.51,202506,30,"162,000",-,16,판교로 20
419,경기도 동두천시 생연동,브라운스톤동두천,59.89,202506,30,"22,500",-,14,장고갯로 23
420,경기도 안산시 단원구 선부동,이편한세상선부역어반스퀘어,59.93,202506,30,"49,000",-,2,선부광장서로 42
421,경기도 안산시 상록구 사동,그랑시티자이2차,84.9874,202506,30,"65,300",-,7,해양5로 17
422,경기도 고양시 덕양구 신원동,신원마을고양삼송아이파크,116.22,202506,30,"74,000",-,15,신원3로 20
423,경기도 평택시 팽성읍 송화리,송화지구우미이노스빌,84.5344,202506,30,"22,900",-,12,팽성송화로 154
424,경기도 평택시 고덕동,고덕국제신도시제일풍경채2차에듀,84.9279,202506,30,"57,000",-,2,고덕국제8로 100
425,경기도 고양시 덕양구 성사동,신원당(태영9),59.4,202506,30,"30,500",-,9,고양대로1384번길 30
426,경기도 동두천시 송내동,송내주공4단지,45.32,202506,30,"10,000",409,10,동두천로 63
427,경기도 평택시 진위면 견산리,한승아파트,34.4,202506,30,"7,600",-,7,동부대로 41
428,경기도 평택시 포승읍 내기리,명지미래힐2단지,84.65,202506,30,"15,000",-,8,승학동길 25
429,경기도 동두천시 지행동,대방노블랜드(8단지),50.3,202506,30,"14,600",802,7,동두천로 149
430,경기도 평택시 포승읍 도곡리,모아미래도2차,84.9316,202506,30,"18,000",-,2,여술로44번길 17
431,경기도 안산시 단원구 초지동,그린빌15(해맑음마을),49.74,202506,30,"30,000",-,7,초지2로 41
432,경기도 평택시 청북읍 옥길리,사랑으로부영5차,84.3616,202506,30,"20,500",-,16,안청로1길 92
433,경기도 파주시 목동동,산내마을6단지한라비발디,101.99,202506,30,"50,000",-,3,청암로 27
434,경기도 안성시 공도읍 양기리,안성우방아이유쉘에스티지,84.9677,202506,30,"36,000",102동,5,양기길 30
435,경기도 파주시 동패동,초롱꽃마을8단지중흥S클래스,84.5609,202506,30,"64,000",-,9,심학산로 234
436,경기도 파주시 야당동,한빛마을5단지캐슬앤칸타빌,84.0669,202506,30,"55,500",-,13,한빛로 70
437,경기도 용인시 수지구 성복동,LG빌리지3,164.242,202506,30,"102,500",-,11,성복2로 126
438,경기도 파주시 금촌동,쇠재마을5단지뜨란채주공,59.72,202506,30,"22,600",-,15,쇠재로 133
439,경기도 화성시 병점동,병점역아이파크캐슬,84.97,202506,30,"68,000",-,8,병점노을로 31
440,경기도 화성시 안녕동,병점역동문굿모닝힐,84.9907,202506,30,"30,000",-,14,효행로 846
441,경기도 김포시 마산동,한강동일스위트TheParkView1단지,84.9584,202506,30,"44,000",-,23,김포한강8로 173-88
442,경기도 김포시 장기동,한강센트럴자이1단지,100.2089,202506,30,"72,500",-,13,태장로 845
443,경기도 김포시 고촌읍 향산리,힐스테이트 리버시티 2단지,68.976,202506,30,"50,000",-,6,상미1로 7
444,경기도 김포시 구래동,한강신도시반도유보라4차,78.8309,202506,30,"44,800",101동,10,김포한강4로 487
445,경기도 김포시 걸포동,한강메트로자이2단지,84.9402,202506,30,"70,000",-,17,걸포2로 74
446,경기도 화성시 능동,자연앤데시앙,74.6,202506,30,"47,000",-,26,동탄숲속로 68
447,경기도 안성시 원곡면 외가천리,원곡 제일 오투그란데,59.97,202506,30,"19,700",-,17,만세로 1409
448,경기도 김포시 운양동,한강신도시운양푸르지오,84.8771,202506,30,"57,000",-,2,모담공원로 17
449,경기도 김포시 풍무동,대림e-편한세상,79.5108,202506,30,"32,700",-,7,풍무로93번길 30
450,경기도 화성시 반월동,에스케이뷰파크,84.9835,202506,30,"63,500",-,10,동탄원천로 382-37
451,경기도 김포시 감정동,푸른마을(신안),68.931,202506,30,"24,800",-,12,감정로 64
452,경기도 고양시 일산서구 덕이동,태영,84.79,202506,30,"35,000",-,15,탄중로101번길 36
453,경기도 고양시 일산동구 사리현동,현대그린,38.52,202506,30,"7,000",D,4,성현로 508
454,경기도 과천시 원문동,과천위버필드,84.98,202506,30,"230,000",-,15,별양로 53
455,경기도 고양시 일산서구 탄현동,일산두산위브더제니스,120.4817,202506,30,"67,000",-,9,일현로 97-11
456,경기도 구리시 갈매동,구리갈매스타힐스,74.98,202506,30,"68,700",-,14,산마루로 46
457,경기도 고양시 일산동구 마두동,강촌마을(미도파),165.99,202506,30,"79,000",306,16,강송로 153
458,경기도 고양시 일산서구 일산동,태영(954),84.89,202506,30,"45,000",-,15,고양대로 624
459,경기도 고양시 일산동구 중산동,하늘마을2단지,75.26,202506,30,"42,900",-,17,하늘마을로 94
460,경기도 고양시 덕양구 화정동,별빛마을(건영)10,84.96,202506,30,"60,800",-,15,화신로 291
461,경기도 고양시 일산동구 풍동,숲속마을8단지,59.91,202506,30,"34,000",-,12,숲속마을1로 115
462,경기도 고양시 일산서구 주엽동,강선마을13단지뉴서울,40.32,202506,30,"18,900",-,11,중앙로 1371
463,경기도 고양시 덕양구 토당동,능곡대림,84.69,202506,30,"49,500",-,15,토당로32번길 11
464,경기도 고양시 덕양구 행신동,무원마을(두산),71.55,202506,30,"47,000",-,4,소원로 47
465,경기도 고양시 일산동구 식사동,위시티블루밍5단지,123.23,202506,30,"72,000",-,2,위시티1로 7
466,경기도 화성시 남양읍 무송리,금광포란재,81.1484,202506,30,"15,000",-,1,무하로111번길 50
467,경기도 화성시 남양읍 남양리,e편한세상남양뉴타운,84.9339,202506,30,"43,800",-,14,남양로862번길 42
468,경기도 화성시 영천동,동탄역포레너스,84.5202,202506,30,"57,600",-,12,동탄대로24길 199
469,경기도 화성시 봉담읍 와우리,봉담센트럴푸르지오,59.8986,202506,30,"35,000",-,8,와우로34번길 12
470,경기도 화성시 장지동,레이크반도유보라아이비파크9.0,101.998,202506,30,"63,500",-,7,동탄대로4길 95
471,경기도 광주시 문형동,오포우림퓨전빌,84.217,202506,30,"22,000",-,6,봉골길 82
472,경기도 광주시 쌍령동,광주센트럴푸르지오,74.8616,202506,30,"43,500",-,4,경충대로1461번길 43
473,경기도 화성시 목동,이편한세상동탄,84.87,202506,30,"60,000",-,2,동탄순환대로20길 31
474,경기도 광주시 태전동,태전7지구C-13BL태전파크자이,60.5801,202506,30,"47,000",-,12,벼루개길42번길 35-5
475,경기도 화성시 오산동,동탄역 반도유보라 아이비파크 8.0,86.2318,202506,30,"117,000",-,12,동탄광역환승로 73
476,경기도 화성시 청계동,롯데캐슬 알바트로스,101.8848,202506,30,"88,500",-,10,동탄순환대로21길 53
477,경기도 화성시 반송동,동탄시범다은마을 월드메르디앙 반도유보라,84.65,202506,30,"86,000",-,9,동탄중앙로 189
478,경기도 화성시 봉담읍 상리,중흥에스클래스더퍼스트,84.6594,202506,30,"63,000",-,17,상리1길 21
479,경기도 양주시 덕계동,양주윤중아파트,52.8,202506,30,"15,700",-,13,회천남로416번길 17
480,경기도 포천시 신북면 기지리,산호,39.144,202506,30,"5,100",-,12,호국로 1886-27
481,경기도 양주시 남면 신산리,거산,53.06,202506,30,"3,700",-,4,감악산로244번길 180
482,경기도 양주시 광사동,대방노블랜드,83.21,202506,30,"20,500",-,9,부흥로 1898-4
483,경기도 여주시 교동,여주역우남퍼스트빌,59.9384,202506,30,"38,500",-,10,교동로 115
484,경기도 양주시 만송동,은빛마을한양수자인,121.3083,202506,30,"30,000",209,7,고읍로 117-7
485,경기도 양주시 옥정동,e편한세상옥정더퍼스트,66.9583,202506,30,"36,000",-,10,옥정서로1길 60
486,경기도 여주시 홍문동,동원,49.2911,202506,30,"12,400",-,16,세종로 173-69
487,경기도 포천시 소흘읍 송우리,전원우정아파트,59.94,202506,29,"13,000",-,4,솔모루로3번길 52-36
488,경기도 양주시 삼숭동,양주자이(7단지),74.8844,202506,29,"21,800",-,2,삼숭로58번길 141
489,경기도 의왕시 포일동,인덕원푸르지오엘센트로,84.9329,202506,29,"132,000",-,3,안양판교로 100
490,경기도 의왕시 삼동,삼호한아름2차(201동),59.4,202506,29,"30,500",-,7,까치골길 20
491,경기도 용인시 처인구 삼가동,우남퍼스트빌,84.8028,202506,29,"34,000",-,13,금학로 91
492,경기도 의왕시 오전동,의왕더샵캐슬,59.9851,202506,29,"72,000",-,12,어내들로 5
493,경기도 하남시 감이동,감일파크센트레빌,84.88,202506,29,"125,000",-,10,감일순환로 190
494,경기도 부천시 원미구 역곡동,한국,84.74,202506,29,"45,750",-,16,안곡로 284
495,경기도 수원시 권선구 곡반정동,수원하늘채더퍼스트2단지,59.97,202506,29,"58,000",-,7,망포로 14
496,경기도 수원시 영통구 원천동,광교아이파크,84.1116,202506,29,"128,000",-,43,광교호수공원로 80
497,경기도 성남시 수정구 창곡동,위례센트럴자이,59.95,202506,29,"137,000",-,2,위례광장로 97
498,경기도 성남시 수정구 단대동,단대푸르지오,59.8,202506,29,"90,000",-,9,산성대로437번길 7
499,경기도 부천시 소사구 범박동,일루미스테이트,59.96,202506,29,"61,000",-,17,범안로 180
500,경기도 부천시 오정구 삼정동,e-좋은아침,58.31,202506,29,"29,000",-,2,석천로 356
501,경기도 평택시 통복동,꿈의도시두드림,19.01,202506,29,"7,200",-,15,통복시장로6번길 37
502,경기도 평택시 세교동,우성꿈그린,63.43,202506,29,"20,400",-,7,세교3로 5
503,경기도 남양주시 진접읍 내각리,한신,84.99,202506,29,"29,500",-,8,내각1로99번길 34-1
504,경기도 남양주시 오남읍 양지리,오남쌍용스윗닷홈지티1단지,84.877,202506,29,"34,000",-,13,양지로281번길 16
505,경기도 오산시 궐동,세교우남퍼스트빌,84.9834,202506,29,"29,200",-,20,궐리사로29번길 13
506,경기도 오산시 금암동,죽미마을휴튼9단지,84.96,202506,29,"44,500",-,20,수청로 165
507,경기도 오산시 청호동,오산자이,100.1746,202506,29,"34,000",-,11,동부대로 332-14
508,경기도 광주시 역동,이편한세상광주역3단지,59.7449,202506,29,"54,000",-,2,순암로36번길 87
509,경기도 화성시 향남읍 하길리,서봉마을모아엘가,84.9837,202506,29,"46,000",-,14,상신하길로274번길 61
510,경기도 안산시 상록구 본오동,반월한양,58.5439,202506,29,"25,000",-,1,반석로 8
511,경기도 평택시 용이동,신영평택비전지웰푸르지오,84.8005,202506,29,"59,000",-,12,용죽1로 33
512,경기도 평택시 죽백동,평택소사벌호반베르디움,84.255,202506,29,"41,200",-,16,비전3로 116
513,경기도 고양시 덕양구 주교동,세창짜임,92.66,202506,29,"41,500",-,6,호국로 803
514,경기도 고양시 덕양구 도내동,도래울센트럴더힐,51.8,202506,29,"48,500",-,14,도래울로 86
515,경기도 용인시 기흥구 영덕동,광교호수아델리움,84.968,202506,29,"68,800",-,8,흥덕2로118번길 25
516,경기도 용인시 수지구 동천동,동천역센트럴아이파크,113.488,202506,29,"93,800",-,3,손곡로 54
517,경기도 의정부시 녹양동,영무예다음,60.94,202506,29,"22,000",-,3,녹양로 57
518,경기도 성남시 분당구 운중동,산운마을9단지(대방노블랜드),59.93,202506,29,"127,500",-,18,산운로 126
519,경기도 과천시 중앙동,과천푸르지오써밋,59.9923,202506,29,"208,500",-,8,관문로 106
520,경기도 안성시 당왕동,e편한세상안성그랑루체,84.9703,202506,29,"44,610",-,28,안성맞춤대로 1196-23
521,경기도 이천시 부발읍 신하리,진우,59.96,202506,29,"17,000",-,8,경충대로 2212
522,경기도 화성시 기안동,화성우방아이유쉘MEGACITY1단지,84.5361,202506,29,"41,000",105동,22,기배로30번길 7-30
523,경기도 안성시 공도읍 진사리,쌍용스윗닷홈,84.8901,202506,29,"25,500",-,10,진건중길 15-13
524,경기도 김포시 통진읍 마송리,e편한세상김포어반베뉴,59.9467,202506,29,"31,500",-,5,율마로438번길 52
525,경기도 김포시 북변동,산호,59.61,202506,28,"24,500",-,1,북변1로16번길 34
526,경기도 김포시 고촌읍 신곡리,강변마을 월드메르디앙아파트,129.777,202506,28,"64,800",-,8,신곡로 48
527,경기도 김포시 사우동,김포사우아이파크,84.92,202506,28,"60,000",-,13,사우로 51
528,경기도 김포시 고촌읍 태리,캐슬앤파밀리에시티 1단지,74.9702,202506,28,"56,000",-,15,태리로 236
529,경기도 김포시 통진읍 도사리,백석마을(신일해피),84.841,202506,28,"24,500",-,9,김포대로 1991
530,경기도 남양주시 별내동,남광하우스토리,103.995,202506,28,"62,500",-,9,송산로307번길 16
531,경기도 남양주시 진접읍 부평리,더샵남양주퍼스트시티,84.78,202506,28,"45,000",-,31,부평로48번길 140
532,경기도 오산시 부산동,오산시티자이2차,59.9886,202506,28,"35,000",-,2,부산중앙로 42
533,경기도 안양시 만안구 박달동,극동,84.69,202506,28,"39,500",-,12,삼봉로 35
534,경기도 부천시 원미구 심곡동,우민늘사랑APT,84.9635,202506,28,"40,000",-,5,부흥로 452
535,경기도 양주시 고암동,주원마을(주공2단지),59.21,202506,28,"17,800",-,3,고암길 306-40
536,경기도 여주시 오학동,현진에버빌,52.06,202506,28,"8,500",102,3,여양로 341-10
537,경기도 양평군 용문면 다문리,심미,84.536,202506,28,"24,000",-,13,연수로 7
538,경기도 광주시 초월읍 쌍동리,초월롯데캐슬,74.71,202506,28,"45,500",-,13,경충대로 1065
539,경기도 광주시 곤지암읍 삼리,곤지암킴스빌리지,35.63,202506,28,"15,000",101,5,평촌길 20
540,경기도 가평군 청평면 청평리,청평세양청마루,84.99,202506,28,"22,800",-,13,경춘로 807-45
541,경기도 양평군 양평읍 양근리,더샵양평리버포레,76.6094,202506,28,"42,500",-,3,마유산로 33
542,경기도 여주시 현암동,벽산,37.52,202506,28,"8,000",101,14,도예로 35
543,경기도 용인시 처인구 남사읍 완장리,e편한세상용인한숲시티6단지,59.534,202506,28,"32,900",-,28,한숲로 84
544,경기도 하남시 신장동,하남석바대마을동신,84.97,202506,28,"59,000",101,6,하남대로739번길 54
545,경기도 하남시 풍산동,미사강변동원로얄듀크,84.3852,202506,28,"99,800",-,21,미사강변서로 45
546,경기도 용인시 처인구 남사읍 아곡리,e편한세상용인한숲시티5단지,44.356,202506,28,"24,000",-,10,한숲로 83
547,경기도 의왕시 학의동,의왕백운 해링턴 플레이스 2단지,84.9843,202506,28,"78,000",-,12,백운중앙로 45
548,경기도 광명시 광명동,광명아크포레자이위브,40.1639,202506,28,"55,900",-,14,새터로 44-8
549,경기도 부천시 오정구 오정동,오정휴먼시아3단지,59.92,202506,28,"45,500",304,13,오정로 289
550,경기도 평택시 합정동,주공4,47.32,202506,28,"22,000",-,3,평택3로 11
551,경기도 부천시 소사구 옥길동,옥길센트리뷰,74.49,202506,28,"60,500",-,5,옥길로 55
552,경기도 부천시 소사구 심곡본동,한울에이치밸리움디그니어스,58.17,202506,28,"42,000",-,8,심곡로21번길 53
553,경기도 평택시 독곡동,아주2,59.97,202506,28,"15,000",-,4,지산천로 40
554,경기도 평택시 장당동,한국아델리움,84.9394,202506,28,"26,500",-,6,송탄로40번길 46
555,경기도 수원시 장안구 송죽동,수원로얄팰리스,84.97,202506,28,"52,000",-,6,송정로 83
556,경기도 수원시 권선구 서둔동,센트라우스,59.9246,202506,28,"50,400",-,10,세화로168번길 15
557,경기도 수원시 장안구 이목동,장안STX칸1단지,84.573,202506,28,"63,800",-,6,장안로 395
558,경기도 수원시 장안구 율전동,밤꽃마을뜨란채,84.86,202506,28,"45,000",-,21,상률로 32
559,경기도 수원시 팔달구 우만동,우만주공4단지,36.34,202506,28,"31,150",-,15,창룡대로 194
560,경기도 성남시 수정구 신흥동,산성역자이푸르지오2단지,59.98,202506,28,"100,000",-,24,수정로 288
561,경기도 성남시 중원구 중앙동,신흥역하늘채랜더스원3단지,59.88,202506,28,"94,500",-,2,광명로 206
562,경기도 수원시 영통구 하동,광교마을40단지,84.81,202506,28,"85,000",-,6,광교마을로 156
563,경기도 성남시 중원구 금광동,e편한세상금빛그랑메종5단지,59.98,202506,28,"78,000",-,3,금광로 72
564,경기도 성남시 중원구 은행동,은빛마을(두산위브),56.6448,202506,28,"54,700",-,12,은행로 13
565,경기도 성남시 중원구 상대원동,상대원삼익,34.05,202506,28,"25,000",-,9,사기막골로31번길 34
566,경기도 용인시 수지구 상현동,진산마을성원상떼빌아파트,133.44,202506,28,"75,000",-,4,진산로 24
567,경기도 이천시 창전동,현대1,66.47,202506,28,"16,900",-,12,애련정로136번길 33-9
568,경기도 이천시 대월면 사동리,사동리현대아이파크,59.4,202506,28,"10,600",105,15,경충대로2041번길 167
569,경기도 안성시 공도읍 용두리,산수화,59.91,202506,28,"11,400",-,11,벚꽃길 73
570,경기도 파주시 와동동,가람마을1단지벽산한라(1308),84.928,202506,28,"40,000",-,20,가람로 22
571,경기도 파주시 조리읍 봉일천리,봉일천프린스(158-2),45.18,202506,28,"6,000",1,2,공릉장터길 41
572,경기도 안성시 중리동,동광,84.927,202506,28,"16,400",105,14,서운로 791-9
573,경기도 평택시 안중읍 송담리,힐스테이트송담,72.32,202506,28,"32,000",-,17,송담1로 65
574,경기도 동두천시 동두천동,신창비바패밀리(1단지),84.874,202506,28,"19,700",101,6,강변로664번길 45
575,경기도 평택시 현덕면 인광리,이안평택안중역,74.9519,202506,28,"25,500",-,4,현덕로 1251
576,경기도 안산시 단원구 원곡동,안산푸르지오브리파크,49.7492,202506,28,"41,950",-,4,라성로 15
577,경기도 고양시 덕양구 지축동,지축역중흥S-클래스북한산파크뷰,84.9664,202506,28,"82,800",-,11,오부자로 77
578,경기도 안산시 상록구 월피동,한양,77.84,202506,28,"34,000",-,6,안산천동로1길 9
579,경기도 안산시 단원구 고잔동,네오빌6단지,84.5,202506,28,"49,600",-,15,광덕동로 78
580,경기도 시흥시 죽율동,시흥6차푸르지오2단지,107.58,202506,28,"41,000",-,9,죽율로 36
581,경기도 시흥시 장곡동,숲속마을,59.965,202506,28,"26,800",-,8,인선길 63
582,경기도 오산시 내삼미동,오산대역호반써밋,84.9882,202506,28,"51,900",-,17,내삼미로 142
583,경기도 시흥시 은행동,삼성홈타운,59.2173,202506,28,"34,500",-,6,검바위1로 19
584,경기도 시흥시 신천동,신천코아루웰라움,77.8724,202506,28,"44,500",-,15,시흥대로 1124-17
585,경기도 시흥시 거모동,동보,25.12,202506,28,"5,800",-,5,군자로335번길 11
586,경기도 시흥시 목감동,호반베르디움더프라임(1차),69.6356,202506,28,"67,000",-,6,배미골길 23
587,경기도 시흥시 조남동,신안인스빌,69.9786,202506,28,"52,000",-,14,목감중앙로 36
588,경기도 오산시 지곶동,e편한세상오산세교,84.9828,202506,28,"34,800",-,1,세마문학로 50
589,경기도 오산시 탑동,오산세교한신더휴,74.9383,202506,28,"43,300",-,10,초평중앙로 10
590,경기도 오산시 서동,오산세교한양수자인,59.9779,202506,28,"42,500",-,11,여들동로 25
591,경기도 시흥시 산현동,목감중흥에스-클래스레이크힐스,72.0814,202506,28,"47,000",-,10,목감남서로 92-15
592,경기도 광주시 신현동,오포e편한세상,158.3829,202506,28,"85,000",-,6,신현로 12-37
593,경기도 화성시 신동,e편한세상동탄파크아너스,99.9666,202506,28,"71,000",-,4,동탄신리천로7길 47
594,경기도 화성시 봉담읍 동화리,에듀시티파라곤,59.9857,202506,28,"40,000",-,6,동화서북안길 10
595,경기도 화성시 봉담읍 수영리,우방아이유쉘2단지,59.9983,202506,28,"32,000",-,10,수영로 61-7
596,경기도 화성시 비봉면 양노리,천산스카이빌,84.428,202506,28,"22,000",-,4,비봉로 152
597,경기도 광주시 양벌동,대주파크빌1차C블럭,84.99,202506,28,"23,400",-,7,마루들길 314
598,경기도 광주시 목현동,신일드림빌,84.801,202506,28,"28,900",-,7,이배재로 179-13
599,경기도 화성시 산척동,호수공원역 센트럴시티,84.5413,202506,28,"85,800",-,10,동탄대로6길 20
600,경기도 광주시 고산동,더샵오포센트럴포레,84.98,202506,28,"67,000",-,13,태성1로 16
601,경기도 고양시 일산서구 대화동,킨텍스휴먼빌(6단지),84.2865,202506,28,"36,500",-,9,대화2로 121
602,경기도 고양시 덕양구 고양동,푸른마을6단지,59.9768,202506,28,"26,400",-,18,푸른마을로 55
603,경기도 고양시 덕양구 향동동,DMC두산위브더퍼스트,59.92,202506,28,"58,500",-,4,향기5로 66
604,경기도 고양시 일산서구 가좌동,가좌마을5단지벽산,59.906,202506,28,"29,500",-,20,가좌1로 10
605,경기도 용인시 수지구 신봉동,수지신봉동도센트리움,69.79,202506,28,"60,750",-,11,신봉3로 6
606,경기도 용인시 수지구 죽전동,내대지마을건영캐스빌,110.3495,202506,28,"85,000",-,15,죽전로 267
607,경기도 용인시 기흥구 상갈동,금화마을주공그린빌6차,39.7,202506,28,"26,200",-,3,금화로11번길 9
608,경기도 의정부시 금오동,현대아이파크,84.68,202506,28,"38,200",-,3,부용로 87
609,경기도 의정부시 고산동,고산리슈빌포레,59.51,202506,28,"31,800",301동,5,훈민로 13
610,경기도 성남시 분당구 이매동,아름마을(두산),132.72,202506,27,"168,000",-,2,탄천로 95
611,경기도 성남시 분당구 대장동,판교퍼스트힐푸르지오A2,84.97,202506,27,"105,000",-,7,판교대장로7길 57
612,경기도 성남시 분당구 삼평동,봇들마을1단지(판교신미주),82.794,202506,27,"160,000",-,12,동판교로 275
613,경기도 의정부시 가능동,e편한세상녹양역,74.8273,202506,27,"39,900",-,26,녹양로34번길 47
614,경기도 성남시 분당구 서현동,시범한양,35.1,202506,27,"83,000",331,6,중앙공원로 17
615,경기도 의정부시 산곡동,고산수자인디에스티지2단지,125.8894,202506,27,"82,500",-,17,수암로 25
616,경기도 성남시 분당구 구미동,무지개(3단지)(신한),69.72,202506,27,"96,000",-,15,미금로 63
617,경기도 수원시 권선구 고색동,대원레스피아,84.93,202506,27,"32,500",-,13,고산로6번길 45
618,경기도 수원시 장안구 조원동,더샵광교산퍼스트파크,36.63,202506,27,"33,250",-,7,송정로 190
619,경기도 수원시 장안구 연무동,서광교파크스위첸,52.6886,202506,27,"55,000",-,6,창훈로 30
620,경기도 수원시 권선구 오목천동,남광하우스토리,84.97,202506,27,"44,800",-,12,삼천병마로1598번길 28-16
621,경기도 수원시 팔달구 고등동,수원역푸르지오자이,59.99,202506,27,"63,000",-,2,고등로 15
622,경기도 화성시 기산동,행복마을 참누리 에듀파크(101동-113동),84.914,202506,27,"43,250",-,14,동탄지성로 295
623,경기도 안성시 금광면 신양복리,홍익,59.744,202506,27,"14,800",-,7,종합운동장로 132
624,경기도 김포시 양촌읍 양곡리,김포한강삼정그린코아더베스트,59.9769,202506,27,"32,800",-,12,양곡1로68번길 59
625,경기도 화성시 반정동,반정아이파크캐슬4단지,75.57,202506,27,"62,700",-,2,동탄지성로469번길 59
626,경기도 남양주시 와부읍 도곡리,벽산,59.968,202506,27,"33,900",-,9,덕소로 177
627,경기도 남양주시 화도읍 녹촌리,화도센트럴우방아이유쉘,84.95,202506,27,"45,500",-,3,수레로1233번길 34
628,경기도 부천시 오정구 고강동,부촌1차,38.27,202506,27,"10,000",가,3,고강로72번길 52
629,경기도 양평군 양평읍 공흥리,행복마을(공흥주공),36.35,202506,27,"16,000",-,14,남북로 55-8
630,경기도 양주시 광적면 가납리,양주벨라시티아파트,59.9935,202506,27,"20,200",-,14,지섬로198번길 16
631,경기도 양평군 양평읍 창대리,양평휴먼빌리버파크어반,74.9819,202506,27,"41,500",-,16,양근로 312
632,경기도 양주시 덕정동,융보,81.3,202506,27,"16,300",-,3,독바위로 55
633,경기도 포천시 군내면 구읍리,포천아이파크,59.9794,202506,27,"20,000",103동,4,호국로 1536-10
634,경기도 양주시 장흥면 부곡리,송추역북한산경남아너스빌,63.9377,202506,27,"33,900",-,15,호국로597번길 15
635,경기도 의왕시 내손동,인덕원 센트럴 자이 2단지,59.951,202506,27,"93,000",-,16,내손로 14
636,경기도 군포시 대야미동,현대아이파크,84.367,202506,27,"49,500",-,10,대야2로143번길 25
637,경기도 용인시 처인구 김량장동,김량장동어울림,58.999,202506,27,"36,000",-,16,금령로13번길 13
638,경기도 용인시 기흥구 청덕동,호반베르디움,112.3465,202506,27,"53,000",-,12,구성로 411
639,경기도 평택시 고덕면 궁리,고덕하늘채시그니처,59.9717,202506,27,"27,000",-,22,효덕새싹길 55
640,경기도 평택시 포승읍 석정리,한라파인빌(구한라공조사원아파트),49.94,202506,27,"5,950",-,2,용소길 7-16
641,경기도 안산시 상록구 건건동,반월역두산위브더센트럴,79.9924,202506,27,"53,800",-,14,건지미길 49
642,경기도 안산시 단원구 신길동,안산아이파크,84.26,202506,27,"47,000",-,5,도일로 46
643,경기도 안산시 상록구 성포동,선경,73.24,202506,27,"39,700",-,20,예술광장1로 131
644,경기도 안산시 단원구 와동,천년가리더스카이,59.126,202506,27,"34,000",-,8,와동로 125
645,경기도 성남시 중원구 도촌동,LH동분당센트럴파크,84.99,202506,27,"90,000",-,9,도촌남로 22
646,경기도 성남시 분당구 분당동,샛별마을(동성),59.4,202506,27,"111,000",-,7,분당로 212
647,경기도 성남시 분당구 수내동,양지마을(2단지)(청구),84.99,202506,27,"190,000",-,3,내정로 185
648,경기도 성남시 중원구 성남동,한빛스위티,80.85,202506,27,"55,900",-,5,성남대로1130번길 26
649,경기도 성남시 수정구 고등동,판교밸리호반써밋,84.9872,202506,27,"115,500",-,13,고등로 34
650,경기도 성남시 중원구 여수동,연꽃마을(4단지),120.97,202506,27,"125,000",-,6,여수울로 50
651,경기도 성남시 중원구 하대원동,아튼빌,84.98,202506,27,"68,000",-,5,둔촌대로 300
652,경기도 파주시 다율동,청석마을8단지동문굿모닝힐,84.881,202506,27,"36,300",-,14,청석로 350
653,경기도 이천시 마장면 오천리,이천마장리젠시빌란트,57.1356,202506,27,"28,600",-,19,중앙로 57
654,경기도 이천시 백사면 모전리,신안실크밸리더포레,70.7337,202506,27,"30,600",-,10,이여로 204
655,경기도 파주시 문산읍 당동리,파주힐스테이트2차,101.6959,202506,27,"25,500",-,10,당동1로 67
656,경기도 이천시 부발읍 아미리,현대성우오스타2단지,84.9578,202506,27,"45,500",-,3,경충대로2092번길 39-50
657,경기도 안성시 공도읍 만정리,금호어울림1단지,84.986,202506,27,"23,300",-,13,송원길 64
658,경기도 이천시 부발읍 무촌리,그린,46.62,202506,27,"4,800",-,2,중부대로 1584-26
659,경기도 이천시 장호원읍 진암리,동양,59.94,202506,27,"7,500",-,6,서동대로8830번길 6-17
660,경기도 파주시 아동동,팜스프링(283-0),84.942,202506,27,"21,000",-,13,송화로 13
661,경기도 이천시 안흥동,이천롯데캐슬골드스카이,84.998,202506,27,"50,200",-,28,구만리로 191
662,경기도 이천시 관고동,두산,84.9,202506,27,"23,500",-,11,영창로 90
663,경기도 과천시 갈현동,과천푸르지오오르투스,74.9726,202506,27,"114,100",-,20,과천대로12가길 33
664,경기도 고양시 일산동구 백석동,흰돌마을(서안),73.17,202506,27,"54,000",-,5,일산로 11
665,경기도 고양시 덕양구 덕은동,DMC디에트르한강,84.9665,202506,27,"113,500",-,9,대덕산로 70
666,경기도 군포시 부곡동,삼성마을2단지,51.98,202506,27,"41,000",-,7,번영로200번길 71
667,경기도 시흥시 하상동,연꽃마을대우삼호아파트,59.88,202506,27,"22,000",-,18,관곡지로 222
668,경기도 오산시 고현동,고현아이파크,84.9707,202506,27,"32,000",-,4,남부대로 430-12
669,경기도 오산시 가수동,가수동늘푸른오스카빌,84.9849,202506,27,"27,500",-,15,가수로 33
670,경기도 오산시 양산동,오산세마e편한세상,140.007,202506,27,"51,900",-,8,양산로 460
671,경기도 화성시 향남읍 행정리,화성향남시범복사꽃마을한국아델리,84.956,202506,27,"33,200",-,3,행정동로 88
672,경기도 화성시 송동,동탄린스트라우스더레이크,116.2807,202506,27,"135,000",-,28,동탄대로 181
673,경기도 화성시 향남읍 발안리,발안마을주공,51.74,202506,27,"19,000",-,3,발안서로 11
674,경기도 광주시 능평동,오포베르빌,84.9959,202506,27,"32,700",-,3,능평로 193
675,경기도 화성시 정남면 발산리,동남훼미리,39.808,202506,27,"9,300",102,3,만년로 470
676,경기도 광주시 경안동,푸르지오,72.5625,202506,27,"30,700",-,2,문화로101번길 9
677,경기도 화성시 석우동,우미린제일풍경채,96.3842,202506,27,"75,900",-,22,동탄반석로 277
678,경기도 화성시 새솔동,송산신도시대방노블랜드더퍼스티지1차,84.9914,202506,26,"56,500",-,10,수노을1로 148
679,경기도 화성시 남양읍 신남리,화성시청역센트럴파크스타힐스1단지,75.7994,202506,26,"44,200",-,8,화성시청역로 1
680,경기도 광주시 초월읍 대쌍령리,신일드림빌,84.801,202506,26,"26,600",-,7,무들로 59-63
681,경기도 광주시 추자동,오포추자서희스타힐스,84.8989,202506,26,"36,700",-,14,오포로 701-6
682,경기도 가평군 설악면 선촌리,북한강코아루,59.98,202506,26,"19,250",-,9,자잠로 86
683,경기도 연천군 전곡읍 은대리,연천전곡코아루더클래스,74.9635,202506,26,"22,000",108동,11,은빛로 83
684,경기도 광주시 도척면 진우리,광주근형심포니,84.99,202506,26,"19,300",-,11,도척로 404-6
685,경기도 연천군 전곡읍 전곡리,전곡제일풍경채리버파크,84.9775,202506,26,"26,048",-,27,전곡로6번길 28-11
686,경기도 부천시 원미구 약대동,부천위브트레지움1단지,59.98,202506,26,"60,000",-,7,수도로 18
687,경기도 수원시 권선구 입북동,서수원자이,84.8086,202506,26,"42,500",-,8,입북로 50
688,경기도 수원시 권선구 평동,동남,59.9219,202506,26,"42,000",-,10,권선로436번길 21
689,경기도 평택시 소사동,평택효성해링턴플레이스1단지,72.768,202506,26,"33,700",-,5,소사3로 53
690,경기도 화성시 진안동,진안골마을주공10단지,59.56,202506,26,"29,000",-,3,병점4로 102
691,경기도 화성시 송산동,한승미메이드,84.8569,202506,26,"27,500",-,3,화산중앙로64번길 6
692,경기도 남양주시 와부읍 덕소리,성일우리미,84.9155,202506,26,"53,500",-,18,덕소로 125
693,경기도 구리시 토평동,토평마을 e편한세상,84.599,202506,26,"97,500",-,13,장자호수길 125
694,경기도 오산시 누읍동,이림,37.47,202506,26,"11,000",-,12,발안로 1353-8
695,경기도 시흥시 하중동,제나하임아파트,59.43,202506,26,"17,800",-,7,연성로13번길 5-8
696,경기도 시흥시 군자동,시흥장현금강펜테리움센트럴파크,84.9886,202506,26,"74,500",-,16,장현천로 133
697,경기도 고양시 덕양구 삼송동,삼송2차아이파크,84.739,202506,26,"86,500",-,26,세솔로 73
698,경기도 평택시 팽성읍 안정리,평택브라운스톤험프리스,84.9342,202506,26,"32,000",-,14,신흥북로49번길 27
699,경기도 용인시 처인구 모현읍 왕산리,힐스테이트몬테로이3단지,84.899,202506,26,"46,826",-,10,왕산로 16
700,경기도 고양시 일산동구 장항동,힐스테이트킨텍스레이크뷰,104.3478,202506,26,"121,000",-,9,연리지로 50
701,경기도 파주시 금릉동,장안6흰돌마을(199-6),84.97,202506,26,"20,000",-,2,독암길 14
702,경기도 파주시 문발동,숲속길마을동문굿모닝힐(560),84.92,202506,26,"34,000",-,10,책향기로 337
703,경기도 이천시 송정동,풍산,84.9,202506,26,"21,000",-,10,증신로 278
704,경기도 이천시 대월면 초지리,삼원엑스포,84.4555,202506,25,"14,800",-,6,대월로 848
705,경기도 파주시 문산읍 문산리,장안8차,84.9714,202506,25,"16,800",-,6,독산로 11
706,경기도 안성시 공도읍 승두리,공도우방아이유쉘,63.2554,202506,25,"26,000",-,15,공도로 116-26
707,경기도 이천시 증포동,대우1,59.99,202506,25,"18,500",-,6,이섭대천로 1427
708,경기도 이천시 부발읍 응암리,이화2차,49.545,202506,25,"7,000",203,7,경충대로1804번길 47
709,경기도 부천시 원미구 춘의동,춘의동우민늘사랑,63.4692,202506,25,"46,000",-,16,부천로245번길 33
710,경기도 부천시 원미구 도당동,성원,52.58,202506,25,"33,500",-,5,부천로245번길 44
711,경기도 광주시 장지동,현대,84.823,202506,25,"35,200",-,20,고불로 33
712,경기도 광주시 송정동,나산,84.75,202506,25,"30,000",-,23,송정로 69
713,경기도 화성시 비봉면 삼화리,우미린더퍼스트,84.9751,202506,25,"42,000",-,12,새비봉남로 39
714,경기도 양주시 회정동,양주회정범양,75.78,202506,25,"20,900",202,3,평화로1570번길 36
715,경기도 여주시 가남읍 태평리,굿모닝타워,56.3909,202506,25,"9,900",-,7,일신로 29
716,경기도 가평군 가평읍 읍내리,에덴,64.08,202506,25,"5,500",-,1,자라목6길 7
717,경기도 광주시 초월읍 산이리,대주파크빌,84.6166,202506,25,"30,900",-,6,경충대로 923
718,경기도 여주시 가남읍 신해리,현진에버빌-1,49.58,202506,25,"10,000",-,8,경충대로 1472-19
719,경기도 포천시 신읍동,포천신읍코아루더스카이1단지(101동102동),76.0427,202506,25,"25,800",102동,6,원앙로 56-8
720,경기도 광주시 초월읍 도평리,신일해피트리,164.68,202506,25,"36,000",-,4,현산로 86
721,경기도 수원시 영통구 신동,래미안영통마크원1단지,84.94,202506,25,"72,500",-,17,권선로908번길 72
722,경기도 평택시 현덕면 권관리,우경,59.79,202506,25,"9,000",-,10,서동대로 96
723,경기도 평택시 안중읍 현화리,서광프리메라,84.93,202506,25,"26,000",-,18,안현로서7길 45
724,경기도 오산시 은계동,"영산그린맨션(가,나,다,라)",64.775,202506,25,"12,500",가,1,경기대로416번길 3
725,경기도 고양시 덕양구 관산동,주공그린빌,59.92,202506,25,"26,500",-,10,통일로802번길 69
726,경기도 과천시 부림동,센트럴파크푸르지오써밋,84.94,202506,25,"244,000",-,14,별양로 164
727,경기도 과천시 별양동,과천자이,99.93,202506,25,"255,000",-,4,별양로 110
728,경기도 용인시 처인구 유방동,인정프린스1,49.36,202506,25,"15,200",-,11,금어로 6
729,경기도 용인시 기흥구 지곡동,써니밸리II,84.9852,202506,25,"30,000",-,3,사은로 274-22
730,경기도 성남시 분당구 백현동,판교푸르지오그랑블,139.7268,202506,24,"410,000",-,15,동판교로 123
731,경기도 부천시 오정구 내동,계남랑데뷰,58.68,202506,24,"32,000",-,8,부천로416번길 56
732,경기도 화성시 향남읍 상신리,한양수자인디에스티지,101.9972,202506,24,"57,500",-,20,향남로39번길 19
733,경기도 양주시 백석읍 복지리,태영데시안,59.96,202506,24,"12,000",-,1,호명로 87
734,경기도 평택시 안중읍 금곡리,우림,39.84,202506,24,"9,500",108,12,서동대로 1832-23
735,경기도 고양시 덕양구 원흥동,삼송리슈빌센트럴파크,75.426,202506,24,"66,500",-,10,동세로 125
736,경기도 동두천시 상패동,동남,59.895,202506,24,"6,250",-,13,상패로 189
737,경기도 성남시 수정구 태평동,선경태평,35.51,202506,24,"28,509",-,5,남문로136번길 15
738,경기도 시흥시 포동,서강,59.73,202506,24,"21,700",-,18,신현로12번길 30
739,경기도 시흥시 광석동,시흥시청역동원로얄듀크,73.9865,202506,23,"55,000",-,13,시흥대로 404
740,경기도 시흥시 논곡동,산호,71.82,202506,23,"28,900",-,6,동서로 1107
741,경기도 화성시 팔탄면 가재리,진우,39.6,202506,23,"9,500",-,20,삼천병마로 584
742,경기도 평택시 지제동,지제역더샵센트럴시티,64.9377,202506,23,"70,800",-,25,지제동삭1로 41
743,경기도 이천시 갈산동,갈산화성파크드림,121.132,202506,23,"51,000",-,15,안흥로 67
744,경기도 파주시 조리읍 대원리,그린시티동문(218-0),84.99,202506,23,"24,000",-,6,대원로 56
745,경기도 안성시 보개면 기좌리,리치타운,55.23,202506,23,"10,000",105,11,보개원삼로 363-16
746,경기도 안성시 미양면 양변리,금화마을,41.58,202506,23,"5,700",-,8,안성맞춤대로 439
747,경기도 남양주시 화도읍 월산리,남양주월산사랑으로부영1단지,147.0694,202506,23,"41,000",-,12,경춘로2290번길 2
748,경기도 양주시 고읍동,산내들마을한양수자인,101.6289,202506,23,"42,000",-,10,고읍로 11-7
749,경기도 양평군 강상면 병산리,양평현대성우(1단지),84.9097,202506,23,"28,500",-,7,강남로 921
750,경기도 양주시 백석읍 가업리,세아청솔3차,84.81,202506,23,"17,100",-,15,꿈나무로 298
751,경기도 용인시 처인구 남동,삼라마이다스빌,84.8787,202506,23,"28,200",-,5,명지로 307
752,경기도 용인시 처인구 이동읍 천리,샘골마을풍성신미주1단지,84.8832,202506,23,"27,350",-,14,백옥대로621번길 11
753,경기도 성남시 수정구 수진동,낙원스카이뷰,84.3,202506,23,"52,000",-,4,수정로 94
754,경기도 안성시 아양동,아양주공1,46.99,202506,22,"10,400",107,5,아양로 23
755,경기도 화성시 봉담읍 내리,힐스테이트봉담프라이드시티,59.9982,202506,22,"37,000",-,18,삼봉안길 76
756,경기도 안성시 대덕면 신령리,안성롯데캐슬,59.9752,202506,22,"20,500",-,3,서동대로 4725
757,경기도 안성시 원곡면 반제리,산수화,59.76,202506,22,"11,000",-,2,벚꽃길 73
758,경기도 안성시 일죽면 송천리,일죽아이시타운,70.512,202506,22,"12,500",102,6,서동대로 7416-10
759,경기도 하남시 감일동,감일금강펜테리움센트럴파크,84.91,202506,22,"104,000",-,15,신우실로 15
760,경기도 부천시 원미구 소사동,금강,69.39,202506,21,"30,000",-,4,부일로571번길 40
761,경기도 파주시 야동동,대방노블랜드(587-0),59.73,202506,21,"13,000",-,11,평화로 280
762,경기도 안성시 석정동,신원아침도시,84.99,202506,21,"28,500",-,3,석정2길 13-8
763,경기도 안성시 금산동,주은청설,59.52,202506,21,"12,500",-,12,대학로 64
764,경기도 평택시 군문동,군문주공2,59.96,202506,21,"22,000",-,15,원평로25번길 61
765,경기도 평택시 신장동,미도,46.53,202506,21,"6,850",2,5,신장로 108
766,경기도 화성시 남양읍,화성남양뉴타운리젠시빌란트,94.3147,202506,21,"50,500",-,15,시청로102번길 52
767,경기도 여주시 가남읍 심석리,세광리치타운(101동-108동),58.74,202506,21,"7,900",-,7,경충대로 1162-20
768,경기도 여주시 천송동,여주KCC스위첸,84.9386,202506,21,"40,000",-,39,강변북로 2
769,경기도 안산시 상록구 사사동,현대,56.8596,202506,21,"19,500",-,4,양지마을1길 81
770,경기도 수원시 장안구 파장동,노송,51.84,202506,21,"29,900",-,2,파장로110번길 12-5
771,경기도 수원시 팔달구 매산로2가,대한대우,59.84,202506,21,"54,800",-,9,권선로 477
772,경기도 수원시 팔달구 지동,포레스트,22.92,202506,21,"8,000",-,4,세지로 279-1
773,경기도 고양시 덕양구 동산동,동산마을22단지호반베르디움,84.954,202506,21,"79,000",-,14,세솔로 25
774,경기도 오산시 오산동,대동,99.79,202506,21,"36,500",-,16,운암로 64
775,경기도 용인시 처인구 포곡읍 삼계리,계수마을수목원우림필유,101.32,202506,20,"27,800",-,11,백옥대로1898번길 34
776,경기도 평택시 장안동,평택장안마을코오롱하늘채,84.9448,202506,20,"22,050",1025,2,추담로 58-78
777,경기도 김포시 양촌읍 학운리,자연앤데시앙(금빛마을),84.813,202506,20,"26,500",-,12,황금로89번길 25
778,경기도 안산시 상록구 수암동,로얄아파트나동,30.42,202506,20,"5,500",나,5,수암2길 21
779,경기도 광주시 탄벌동,동보,84.91,202506,20,"29,000",-,3,벌원길 64-5
780,경기도 화성시 우정읍 조암리,금광포란재,50.82,202506,20,"9,800",-,17,조암죽말길 236-6
781,경기도 양주시 장흥면 일영리,장흥역경남아너스빌북한산뷰2단지,84.9916,202506,20,"42,500",-,11,권율로49번길 139
782,경기도 부천시 오정구 작동,건우로얄,52.41,202506,19,"14,000",-,3,까치로118번길 38
783,경기도 동두천시 보산동,보산주공아파트,39.69,202506,19,"3,400",104,5,동광로154번길 15
784,경기도 안성시 신소현동,안성신소현코아루,71.08,202506,19,"19,500",-,1,남파로 73-9
785,경기도 안성시 대덕면 내리,남용,38.88,202506,19,"4,000",-,1,내리5길 23
786,경기도 화성시 장안면 사곡리,산호,59.88,202506,19,"15,000",-,6,사랑길 13
787,경기도 화성시 봉담읍 유리,봉담베스트빌,84.9692,202506,19,"20,800",-,14,유리마을길 79
788,경기도 포천시 선단동,세창선단마을,81.43,202506,18,"16,000",-,4,선마로 22
789,경기도 광주시 곤지암읍 곤지암리,쌍용1,84.97,202506,18,"29,000",-,15,곤지암로 120
790,경기도 포천시 소흘읍 초가팔리,상운,50.16,202506,18,"8,000",103,5,검바위길 84
791,경기도 남양주시 별내면 청학리,청학주공(4단지),59.89,202506,18,"24,000",-,17,청학로68번길 24
792,경기도 고양시 일산동구 성석동,청원네이처빌,59.89,202506,18,"20,500",102,8,고봉로658번길 63
793,경기도 파주시 문산읍 선유리,두산위브,84.9815,202506,18,"19,800",-,12,우계로 470
794,경기도 이천시 신둔면 수하리,이천신둔코아루,59.6368,202506,18,"24,000",-,14,원적로290번길 60
795,경기도 안성시 미양면 보체리,경동메르빌,84.9677,202506,17,"15,200",108,13,안성맞춤대로 475
796,경기도 남양주시 진접읍 연평리,원일궁의문,112.702,202506,17,"42,000",-,1,양진로1020번길 32
797,경기도 의왕시 청계동,청계포레스트,75.68,202506,17,"65,000",-,2,덕장로 76
798,경기도 파주시 검산동,유승,74.974,202506,17,"13,000",105,6,평화로348번길 50
799,경기도 안성시 가사동,안성푸르지오,74.9691,202506,17,"30,500",-,9,비봉로 37
800,경기도 안성시 옥산동,안성아양시티프라디움,84.9943,202506,17,"38,500",-,18,아양2로 49
801,경기도 평택시 포승읍 만호리,스마트빌듀오1차,22.96,202506,17,"4,500",-,7,평택항로184번길 7
802,경기도 시흥시 미산동,상아그린,59.95,202506,17,"15,000",-,9,미산로69번길 4
803,경기도 화성시 정남면 덕절리,근형심포니,84.9926,202506,17,"20,000",-,10,발안로 1155
804,경기도 용인시 기흥구 고매동,신구그린,235.33,202506,17,"47,500",-,4,기흥단지로 94-3
805,경기도 여주시 월송동,두풍리치빌,84.7637,202506,16,"18,300",-,4,여주남로 61
806,경기도 양평군 양평읍 백안리,블루밍1단지,114.888,202506,16,"36,000",-,12,중앙로167번길 60
807,경기도 포천시 일동면 기산리,일동기산베스트빌,74.954,202506,16,"20,000",-,7,운악청계로 1772
808,경기도 용인시 처인구 모현읍 일산리,신안인스빌2단지,84.92,202506,16,"31,500",-,13,문현로 326
809,경기도 포천시 소흘읍 이동교리,대방노블랜드1차,55.1508,202506,15,"14,000",-,6,호국로429번길 11
810,경기도 안성시 봉산동,한주,59.55,202506,14,"11,200",-,14,월덕천길 17
811,경기도 가평군 가평읍 대곡리,썬힐,64.85,202506,14,"16,000",-,10,문화로 63
812,경기도 여주시 점봉동,부영사랑으로,38.651,202506,14,"8,500",-,4,세종로 394-10
813,경기도 양평군 양서면 양수리,더리버파크,82.3666,202506,14,"45,000",-,11,양수로156번길 19
814,경기도 의왕시 왕곡동,포은,84.89,202506,14,"44,700",105,17,위인로 15
815,경기도 평택시 평택동,동우자인채센트럴,17.18,202506,13,"7,300",동우자인채센트럴,7,평택1로20번길 11
816,경기도 시흥시 도창동,에이스,59.34,202506,13,"24,700",-,4,매화로 145
817,경기도 안성시 창전동,코스모스,84.802,202506,12,"11,200",103,3,장기로91번길 19
818,경기도 평택시 진위면 갈곶리,한일,59.94,202506,12,"14,300",-,8,엘지로 55
819,경기도 양평군 양서면 용담리,양수역에델바움,58.432,202506,12,"32,000",양수역 에델바움,5,목왕로 25
820,경기도 파주시 파주읍 연풍리,파주연풍양우내안愛에코하임,59.9782,202506,11,"19,500",-,2,주락길 69
821,경기도 화성시 향남읍 장짐리,장짐마을신성발안2차미소지움A,84.9394,202506,11,"21,000",205,9,삼천병마로297번길 15
822,경기도 안산시 상록구 이동,푸르지오2차,119.0598,202506,11,"60,800",-,10,안산천남1로 70
823,경기도 남양주시 진접읍 진벌리,신창비바패밀리,84.98,202506,11,"23,000",-,9,진벌로 85-2
824,경기도 여주시 하동,현대,59.985,202506,11,"17,500",-,19,청심로 79
825,경기도 포천시 어룡동,모아엘가리더스파크,59.2071,202506,10,"20,000",206,10,용정경제로 29
826,경기도 포천시 신북면 계류리,우신,59.76,202506,10,"5,500",-,2,청신로 1704
827,경기도 양주시 광적면 광석리,희망,43.2,202506,10,"9,200",-,3,광적로 85-18
828,경기도 시흥시 매화동,"진양101,102동",50.52,202506,9,"11,500",-,4,매화로 49
829,경기도 용인시 처인구 포곡읍 영문리,베네치아빌리지,84.8066,202506,9,"25,500",-,8,영문로 64
830,경기도 양주시 백석읍 오산리,한승리메이드,84.86,202506,9,"14,700",-,3,권율로 1455-15
831,경기도 평택시 칠괴동,우림필유,84.98,202506,8,"20,900",-,1,칠괴길 138-33
832,경기도 양주시 산북동,양주한승,84.597,202506,7,"16,000",-,2,고덕로 108-59
833,경기도 안성시 공도읍 마정리,대림한숲원,24.57,202506,6,"3,300",-,1,가족공원길 86
834,경기도 용인시 기흥구 하갈동,청명호수신안인스빌2단지,84.99,202506,6,"38,000",-,10,덕영대로 1883
835,경기도 연천군 연천읍 차탄리,원철그린빌,59.98,202506,5,"7,500",-,2,차옥로 6
836,경기도 광주시 매산동,오포대성,84.81,202506,5,"23,100",-,6,회안대로 90
837,경기도 이천시 부발읍 마암리,현광,59.74,202506,4,"11,000",-,9,무촌로 81
838,경기도 이천시 중리동,이천라온팰리스,110.0083,202506,4,"44,000",-,9,중리천로 76
839,경기도 이천시 장호원읍 노탑리,기산,84.684,202506,3,"14,200",-,14,장여로55번길 40-10
840,경기도 파주시 광탄면 신산리,동신라메르,84.977,202506,2,"18,500",-,3,큰여울길 20-21
841,경기도 포천시 신북면 가채리,거산,59.94,202506,2,"4,500",102,4,호국로 1886-76
842,경기도 용인시 처인구 이동읍 송전리,송전마을세광엔리치타워,84.636,202506,2,"31,000",-,9,경기동로705번길 28
843,경기도 남양주시 화도읍 차산리,신창현풍림아이원2차,84.991,202506,2,"30,000",-,12,수레로 1105-27
844,경기도 평택시 팽성읍 평궁리,성두,59.88,202505,31,"6,900",1,2,평궁길 76
845,경기도 연천군 연천읍 옥산리,e편한세상연천웰스하임,59.9525,202505,31,"22,000",105동,4,차옥로 149
846,경기도 용인시 처인구 양지면 양지리,양지,44.82,202505,30,"7,000",1,5,양지로143번길 7
847,경기도 남양주시 진건읍 진관리,화성타운,60,202505,30,"29,000",103,6,사릉로469번길 1
848,경기도 이천시 백사면 조읍리,한솔,59.325,202505,28,"12,000",-,14,이여로 260-8
849,경기도 광주시 삼동,힐스테이트삼동역,84.514,202505,27,"72,300",-,18,고불로 461-26
850,경기도 평택시 포승읍 방림리,반도보라빌,84.96,202505,27,"15,000",101,8,포승남로 520
851,경기도 안성시 동본동,벨라스,101.1,202505,27,"17,800",-,4,낙원길 47
852,경기도 안성시 낙원동,서광,84.56,202505,26,"15,000",-,6,장기로 95
853,경기도 동두천시 광암동,한성,44.04,202505,24,"2,600",A,2,광암로17번길 15-2
854,경기도 용인시 처인구 원삼면 좌항리,씨씨(102동),84.985,202505,24,"19,500",-,5,원양로 617
855,경기도 안성시 숭인동,동신,84.84,202505,23,"17,500",103,14,혜산로 37-24
856,경기도 양주시 백석읍 방성리,백석세아2차,58.62,202505,22,"8,500",-,10,꿈나무로 31-4
857,경기도 성남시 수정구 양지동,주원파크빌201,59.98,202505,22,"42,500",-,8,수정로 568
858,경기도 평택시 진위면 가곡리,화영그린,59.88,202505,21,"7,500",-,6,가곡5길 120-11
859,경기도 안성시 죽산면 장원리,지에프,35.5956,202505,20,"6,800",104,7,관음당길 39-8
860,경기도 이천시 부발읍 신원리,신지,57.96,202505,17,"7,800",101,4,신원로 6-30
861,경기도 안성시 대덕면 진현리,유안,59.08,202505,17,"11,500",105,9,안성맞춤대로 1654
862,경기도 평택시 가재동,우림필유,84.98,202505,14,"24,000",105,1,막곡길 11
863,경기도 광주시 초월읍 지월리,광주초월금강아미움,84.97,202505,13,"20,500",101,9,지월로55번길 24
864,경기도 이천시 증일동,이천역현대홈타운,84.95,202505,13,"42,000",-,13,구만리로 42
865,경기도 광주시 회덕동,대주파크빌,76.748,202505,10,"26,500",101,1,행정타운로 82
866,경기도 여주시 연양동,영진리버빌,84.6793,202505,9,"16,300",-,2,강변유원지길 22-35
867,경기도 여주시 세종대왕면 신지리,우찬셀레스,57.5886,202505,8,"15,000",101동,7,마장로 90
868,경기도 이천시 부발읍 가산리,기영,58.12,202505,7,"9,500",103,4,경충대로 1918-18
869,경기도 안산시 상록구 장상동,광덕,81,202505,7,"25,840",-,3,장상길 7-5
870,경기도 안성시 인지동,골든캐슬타워,24.62,202505,3,"8,300",-,4,장기로 37
871,경기도 안성시 금석동,동남,58.74,202505,2,"8,500",102,7,안성맞춤대로 1320-21
872,경기도 이천시 사음동,이천2차현진에버빌,84.344,202504,30,"26,500",202,13,경충대로2996번길 16
873,경기도 김포시 하성면 마곡리,베스트드웰,59.432,202504,30,"20,770",A동,2,애기봉로 866-12
874,경기도 수원시 팔달구 매산로1가,유엘비치나움,15.7985,202504,29,"7,700",-,12,팔달로 4-2
875,경기도 이천시 신둔면 수광리,수광엘리시움,39.99,202504,22,"12,400",101,14,경충대로3234번길 65
876,경기도 수원시 장안구 영화동,벽산,84.975,202504,18,"30,500",101,13,수성로402번길 45-2
877,경기도 이천시 호법면 유산리,이천내안애,59.97,202504,16,"17,000",101,10,중부대로 909-28
878,경기도 이천시 장호원읍 장호원리,호원베스트빌,74.69,202504,12,"16,500",1동,6,장감로77번길 25-20
879,경기도 평택시 팽성읍 객사리,향교,59.34,202504,12,"7,200",-,4,동서촌로 29
880,경기도 여주시 멱곡동,정광휴레나,59.9679,202504,9,"15,500",104,10,점곡길 10-3
881,경기도 남양주시 진건읍 신월리,동성,59.4,202504,8,"21,000",102동,7,사릉로452번길 3
882,경기도 용인시 처인구 백암면 근창리,청와,59.94,202504,5,"15,500",-,16,백원로 513
883,경기도 양주시 백석읍 홍죽리,新양주모아엘가니케,84.8365,202504,5,"30,700",101동,4,권율로 1285
884,경기도 이천시 고담동,지엠하이빌,84.8274,202504,4,"17,300",104,6,대산로247번길 50
885,경기도 화성시 송산면 육일리,포도마을코스코밸리,84.9468,202503,31,"22,000",103,3,백곡로 130
886,경기도 이천시 신둔면 남정리,한솔,84.61,202503,30,"26,000",-,9,원적로 132
887,경기도 가평군 가평읍 달전리,세대넥스빌,84.84,202503,23,"13,500",-,15,달전로 59
888,경기도 포천시 영북면 운천리,동영,84.94,202503,23,"5,500",가,3,운천안1길 41-18
889,경기도 김포시 통진읍 서암리,화수싱그리아,79.3508,202503,22,"17,800",-,2,조강로36번길 12-9
890,경기도 연천군 연천읍 현가리,로하스,84.8659,202503,21,"17,600",101,6,연천로336번길 40-10
891,경기도 연천군 청산면 백의리,백의리아느칸빌,59.3544,202503,21,"6,500",102,3,청창로 677
892,경기도 연천군 신서면 도신리,대광빌라,83.27,202503,20,"5,100",-,1,연신로 1109-27
893,경기도 파주시 법원읍 가야리,안산율곡2차,45.27,202503,20,"7,000",201,7,자운서원로 36-29
894,경기도 의왕시 고천동,영광(101동),63.27,202503,17,"45,000",1,10,당뿌리로 31
895,경기도 평택시 오성면 숙성리,그린빌,83.494,202503,14,"16,750",101,6,숙성1길 14
896,경기도 남양주시 화도읍 가곡리,신마석신도브래뉴,84.99,202503,12,"27,500",102,5,비룡로 321
897,경기도 파주시 법원읍 법원리,율곡3차,43.92,202503,6,"8,500",302,8,자운서원로 36-39
898,경기도 화성시 송산면 사강리,화성사강영도엘리시아,55.16,202503,5,"19,500",1동,10,사강시장길43번길 3
899,경기도 파주시 적성면 마지리,삼산그린빌라(41-6),58.68,202502,18,"5,300",-,4,솥뒤로33번길 26
900,경기도 남양주시 진접읍 팔야리,광릉,55.17,202502,14,"8,000",B,5,금강로 1829-3
901,경기도 평택시 안중읍 안중리,신세계고대광실,86.76,202501,24,"10,000",-,4,안중로131번길 12
902,경기도 이천시 신둔면 도봉리,대신푸른마을,84.42,202501,20,"16,800",103,1,이여로101번길 101-4
903,경기도 평택시 진위면 봉남리,유명,81.62,202501,17,"10,000",-,2,봉남3길 24
904,경기도 가평군 상면 덕현리,청향,166.26,202501,10,"21,000",-,6,광신길 27
905,경기도 화성시 매송면 천천리,삼미A단지,42.145,202501,9,"10,300",가,1,매송고색로422번길 77
906,경기도 용인시 처인구 운학동,운학,78.66,202412,19,"11,500",-,3,호동로 15
907,경기도 포천시 군내면 용정리,포천용정대광로제비앙,59.5972,202411,29,"22,700",104동,22,용정경제로1길 16
908,경기도 가평군 설악면 신천리,어젤리아(102동),59.98,202411,14,"25,000",제1동,11,신천중앙로88번길 19-25
909,경기도 남양주시 화도읍 답내리,남양주월산사랑으로부영2단지,146.7236,202411,13,"44,000",207동,2,경춘로2290번길 1
910,경기도 안성시 신흥동,신흥빌리지,84.82,202410,29,"10,700",-,4,강변로65번길 34-4
911,경기도 가평군 조종면 현리,임성,59.52,202410,26,"6,800",-,3,조종새싹로 53
912,경기도 화성시 봉담읍 수기리,푸른들미103동,115.32,202410,26,"23,000",103,6,쇠틀길 98
913,경기도 화성시 마도면 두곡리,백상화인빌,59.96,202410,19,"16,000",-,9,두곡서길26번길 5
914,경기도 양평군 개군면 하자포리,양평비바체,73.6,202410,15,"17,800",101,13,개군로 485
915,경기도 평택시 안중읍 학현리,광성,49.83,202410,10,"5,000",-,2,안중초롱길 9
916,경기도 용인시 처인구 포곡읍 전대리,수성,70.83,202410,2,"14,700",-,1,전대로 37-12
917,경기도 수원시 팔달구 교동,풍림아이원,53.99,202409,22,"26,800",풍림아이원아파트,3,매산로104번길 10
918,경기도 화성시 장안면 어은리,장안아파트,82.44,202409,13,"7,400",-,3,3.1만세로 127-8
919,경기도 안성시 대덕면 건지리,궁전아파트,164.12,202408,11,"16,000",-,2,건지안골길 44
920,경기도 포천시 가산면 마산리,행복,78.22,202407,15,"13,900",제1,9,가산로 327
